ORGANIZATION_ID,NAME,ADDRESS,CITY,STATE,ZIP,PHONE
74ab949d-17ac-3309-83a0-13b4405c66aa,Fitchburg Outpatient Clinic,881 Main Street,Fitchburg,MA,1420,978-342-9781 Or 978-342-9781
588f6ce6-b8db-3588-8189-29db2680a313,BOSTON HEALTH CARE FOR THE HOMELESS PROGRAM INC,461 WALNUT AVE,JAMAICA PLAIN,MA,21302331,8576541550
17a4bae5-8b64-34d7-8144-b428be027bd0,NURSE ON CALL,512 MAIN STREET  SUITE 211,SHREWSBURY,MA,15456406,5088451232
e09d4c49-c2ef-3b0f-9a46-3719d9219306,UMASS MEMORIAL HEALTHALLIANCE CLINTON HOSPITAL INC,60 HOSPITAL RD,LEOMINSTER,MA,14533290,9784662000
d2284f74-b6da-3a15-9791-84cdf2db18fb,EAST FALMOUTH FAMILY PRACTICE PC,331 E FALMOUTH HWY,E FALMOUTH,MA,25366039,5084950704
ae88fd02-4911-3625-9e97-85b626ed3b0b,FAIRHAVEN HEALTHCARE CENTER INC.,476 VARNUM AVE,LOWELL,MA,18542122,9784583388
ab701a70-a658-340e-8f69-ee196a7d40c6,CAREWELL URGENT CARE CENTERS OF MA  PC,484 RTE 134,WORCESTER,MA,16071728,5086947901
8a2e2731-3240-39d1-b4f0-cad14200937d,MORTON HOSPITAL  A STEWARD FAMILY HOSPITAL  INC.,88 WASHINGTON ST,TAUNTON,MA,27802465,6174194772
52ecddd8-42f6-35cc-88a5-cf474c02fb49,LIFE CARE CENTER OF PLYMOUTH,94 OBERY STREET,PLYMOUTH,MA,23602130,5087479800
59d1f454-5701-3f71-8fe7-94f785e15062,57 OLD ROAD TO NINE ACRE CORNER OPERATING COMPANY  LLC,57 OLD ROAD TO 9 ACRE CORNER,WEST CONCORD,MA,17423317,9783713400
fa564970-fde4-332c-91d9-c0747b032d3e,RIVERBEND OF SOUTH NATICK,34 SOUTH LINCOLN STREET,NATICK,MA,17606049,5086538330
817a1428-2045-3e89-9fa2-ef7d287d6fa5,GREATER LAWRENCE FAMILY HEALTH CENTER INC,70-71 N PARISH RD,LAWRENCE,MA,1843,9786814769
667b46fe-0afa-3f70-a311-bbe3d52db050,URGENT CARE CENTERS OF CENTRAL MASSACHUSETTS LLC,757 BOSTON POST RD,WORCESTER,MA,16071728,6173024194
8447e2c7-df8d-3e1f-9d88-b67dcca2bcb6,SEVEN HILLS EXTENDED CARE AT GROTON  INC.,22 HILLSIDE AVE,GROTON,MA,14501284,9784483388
8f0ec876-22d3-3986-892e-4c2052d0fffa,FITCHBURG REHABILITATION AND NURSING CENTER LLC,94 SUMMER ST,FITCHBURG,MA,14205761,7189740266
5fcff9db-16e4-3e56-aa78-abbc16338097,THE LOWELL GENERAL HOSPITAL,295 VARNUM AVE,WESTFORD,MA,18863513,9789376000
1ddd51d1-7297-3c3b-bad5-98aecd5e4a79,BAYADA HOME HEALTH CARE  INC,127 CAMBRIDGE STREET  SUTIE #2B,BURLINGTON,MA,18033735,6174721333
2e1eaaf1-ebb0-332c-8921-f48e15b91879,ALLIANCE HEALTH AT MARINA BAY,2 SEAPORT DRIVE,QUINCY,MA,21711599,6177695100
2cf06ddc-4c55-3c91-98f1-fb0188079c27,MILFORD CENTER,10 VETERANS MEMORIAL DRIVE,MILFORD,MA,17572900,5084736414
02c936e2-3aee-38b2-88a4-81f3689b7bb7,BENJAMIN HEALTHCARE CENTER,120 FISHER AVENUE,BOSTON,MA,21203320,6177381500
5fa5e611-be3d-3ebb-8f71-124325f6005f,LEAP INTO WELLNESS LLC,480 ROUTE 6A,EAST SANDWICH,MA,25371438,5082748222
e93b27a8-6507-3595-84a5-f899ce23a72d,HOLY FAMILY MEDICAL SPECIALTY PRACTICE PLLC,70 EAST STREET,NORTH ANDOVER,MA,18456144,9786872273
05137a62-1a8f-34ff-8baf-a0c35c238ea0,BAYADA HOME HEALTH CARE   INC,750  ATTUCKS LANE,HYANNIS,MA,26011950,5087788800
ede4a423-6258-3ef5-b5ba-0fa6bb579563,COMMUNITY HEALTH CONNECTIONS,326 NICHOLS ROAD,FITCHBURG,MA,14205478,9788788100
a14e698d-a9ba-3eae-9c8b-682ec726433d,LYNN URGENT CARE LLC,776 WESTERN AVE,LYNN,MA,19052408,6178939901
dd9914b0-9491-3330-a890-d34e95e497ea,CHILD & FAMILY SERVICES  INC.,1061 PLEASANT ST,NEW BEDFORD,MA,27406728,5089968572
4c1a8ea6-b690-3c28-a02e-ebd82190ee65,SOUTH COVE COMMUNITY HEALTH CENTER  INC,885 WASHINGTON ST,BOSTON,MA,21111415,6174827555
5ba6765a-f335-36b0-9c6a-6bb494c5330d,URGENT CARE MEDICAL ASSOCIATES  LLC,31 OLD ROUTE 7,WESTWOOD,MA,20902333,2038850808
d613e441-68e8-3502-8adb-3f770a1276bf,PALMER FAMILY SERVICES LLC,114 WATER ST,MILFORD,MA,17573007,5084782008
ea153d0a-9ccc-3769-9a25-934b417071b7,NEW ENGLAND FAMILY HEALTH LLC,463 WORCESTER RD,FRAMINGHAM,MA,17015354,5082150015
d3085315-9893-34c7-8889-3a31dc17c2b0,WALPOLE MEDICAL CENTER  PC,1428 MAIN ST STE 7,WALPOLE,MA,20811729,5086686600
1faab3d1-2ae5-3110-8e5f-c65b92ca906d,FAIRVIEW HOSPITAL,29 LEWIS AVE,GREAT BARRINGTON,MA,12301713,4135280790
76281d34-caff-30e0-8545-bcdf33182109,CLIFTON REHABILITATION NURSING CENTER,500 WILBUR AVENUE,SOMERSET,MA,27252051,5086757589
4633340c-c833-30a3-ab0e-f5cfa5fda28b,CHAIR CITY FAMILY MEDICINE  PC,250 GREEN ST,GARDNER,MA,14401377,9786304455
b3ada130-6443-3a8e-98c7-4ec127a2b0c4,LIFE CARE CENTER OF ACTON,ONE GREAT ROAD,ACTON,MA,17205601,9782639101
7489f6e0-fee6-3fff-90b6-444868eb907c,ABBOTT HOME HEALTH CARE  INC,1 KIDDIE DRIVE  SUITE 106,AVON,MA,23221182,7813440344
e6c2cb55-ff8b-34be-bf04-bcc49ea71557,COMMONWEALTH CLINICAL SERVICES  INC.,217 LINCOLN ST,WINTHROP,MA,21523034,6178467676
545dcda5-7471-374e-9251-b4b685197d3c,COMMUNITY HEALTH CONNECTIONS  INC,175 CONNORS STREET,GARDNER,MA,14402637,9784106100
1e11392b-1278-3e70-93cd-f396cbd0c265,VHS ACQUISITION SUBSIDIARY NUMBER 9  INC.,115 LINCOLN ST,NATICK,MA,17607700,5086507000
6cf8a214-8d57-3267-85e5-7719e15cd63e,LEMUEL SHATTUCK HOSPITAL,170 MORTON STREET,JAMAICA PLAIN,MA,21303735,6175228110
13161e5b-02d2-3d19-8b48-26ef0becfc83,LEONARD FLORENCE CENTER FOR LIVING,165 CAPTAIN'S ROW,CHELSEA,MA,21504019,6178870001
0fedae9f-701f-3317-9b2f-69aea2202cdc,BOSTON MEDICAL CENTER CORPORATION-,88 EAST NEWTON STREET,WINTHROP,MA,21522715,6176388000
733fc7d0-7cf3-3995-82ef-a9883b807273,NORTH ADAMS COMMONS NURSING & REHABILITATION CENTE,175 FRANKLIN STREET,NORTH ADAMS,MA,12472712,4136644041
86bbc3aa-e927-3d56-9d77-ab701b4b2926,FALL RIVER JEWISH HOME  INC,538 ROBESON STREET,FALL RIVER,MA,27205496,5086796172
9ab139f5-d278-31b4-b44e-feffdea65613,KINDRED AT HOME,88 ROUTE 6A 101,SANDWICH,MA,25631866,5088882932
0b5f4cda-f9ae-36a8-a94c-ffbf56f45236,ALL CARE HOSPICE INC.,210 MARKET ST,NORTH ANDOVER,MA,18451656,7815982454
aade280a-3b90-3e48-9648-91109a964a63,AP MEDICAL LLC,909 SUMNER ST,DARTMOUTH,MA,27473826,5089715190
6adc9d34-9b73-3285-abb7-56e567f1ba26,WELLESLEY HEALTHCARE SOLUTIONS LLC,271 NAHANT RD,NAHANT,MA,19081341,7815810420
96e9e829-0b71-3ad3-8b41-60e25b5d47d7,ADVOCATE HEALTHCARE OF EAST BOSTON LLC,111 ORIENT AVE,EAST BOSTON,MA,21281006,6175692100
e59fb2d5-508c-38c6-af2e-21d8216dd2b0,BAYSTATE MEDICAL CENTER,759 CHESTNUT ST,WARE,MA,10821625,4137940000
1e8b3677-a601-3afa-8a48-a978d873c271,BOSTON HEALTH CARE FOR THE HOMELESS PROGRAM INC,444 HARRISON AVE,BOSTON,MA,21182404,8576541850
7a3b8310-02eb-3c47-aa1b-3f55b3ed9de9,ON CALL URGENT CARE  LLC,6 HATFIELD ST,NORTHAMPTON,MA,10602545,4135847425
84de2bcf-1b1a-3ce2-9f6d-9e0cb34991f6,VANTAGE HEALTHCARE LLC,45 DAN RD,WELLESLEY,MA,24813503,7818672050
794b1cc2-97be-30a4-83a0-4bf6add43c74,ST JOSEPH MANOR HEALTH CARE INC,215 THATCHER STREET,BROCKTON,MA,23023949,5085835834
440fa4b8-c731-3cf5-81d9-aa3f30a37b95,LAHEY HOSPITAL & MEDICAL CENTER  BURLINGTON,41 & 45 MALL ROAD,PEABODY,MA,19602901,7817445100
a1434ca1-a1ac-3884-abc7-fc4c35cc8b68,LIBERTY COMMONS,390 ORLEANS ROAD,NORTH CHATHAM,MA,26501154,5089454611
0fab3c4e-a028-39a6-b15a-be5a88b6aa2a,ENCOMPASS HEALTH REHAB HOSPITAL OF WESTERN MASS,222 STATE STREET,LUDLOW,MA,10563437,4135897581
b0016371-afcb-37a6-8f90-5e3786e7806f,JEWISH HEALTHCARE CENTER INC,629 SALISBURY ST,WORCESTER,MA,16091120,5087988653
3b021cb6-4745-3d9d-8436-230055f770bd,BETH ISRAEL DEACONESS HOSPITAL-NEEDHAM  INC.,148 CHESTNUT ST,NEEDHAM,MA,24943238,7814533000
ce53c877-0290-390a-b4b4-2462001a1713,CIRCLE HOME,847 ROGERS STREET  SUITE 201,LOWELL,MA,18524345,9784599343
57e4e5fa-d68d-3caa-a5ad-37beb1b51207,STEWARD NORWOOD HOSPITAL INC,800 WASHINGTON ST,NORWOOD,MA,20623487,7812784120
b8421363-9807-3b16-a146-95336eea5cfb,COOLEY DICKINSON HOSPITAL INC,30 LOCUST ST,NORTHAMPTON,MA,10602052,4135822000
8424b5ec-ba0a-32e9-94ae-a9d397884093,GENTLE HOME CARE SERVICES,49 BLANCHARD STREET  SUITE 101,LAWRENCE,MA,18431456,9782588479
37111f41-8bc5-35d3-9cd9-5b447a11ffd1,NEVINS NURSING & REHABILITATION CENTER,TEN INGALLS COURT,METHUEN,MA,18443712,9786827611
945104f1-4b95-3eed-bd02-5efa0afbf34d,DIGNITY HOSPICE CARE INC,20 CENTRAL AVE # 506,LYNN,MA,19011201,8572054114
3076e02a-deac-3e81-96a9-1d32cbda6fca,GARDNER REHABILITATION AND NURSING CENTER,59 EASTWOOD CIRCLE,GARDNER,MA,14403901,9786328776
0e308e66-ba25-3b1d-86ef-937d6f5821a8,ALL CARE VISITING NURSE ASSOCIATION OF GREATER LYNN  INC.,16 CITY HALL SQ,NORTH ANDOVER,MA,18451656,7815982454
6170552c-4d27-3e64-8068-64a380f1837d,WP ACQUISITION SUB LLC,76 SUMMER ST,HAVERHILL,MA,18305814,6158616000
e6cc6043-299a-3581-8f6b-b3b5d62c46ae,CARING HEALTH CENTER  INC,532 SUMNER AVE,SPRINGFIELD,MA,11082458,4137391100
38508743-50d1-3429-8fe2-37e42ddaf20e,BAYSTATE FRANKLIN MEDICAL CENTER,164 HIGH ST,GREENFIELD,MA,13012778,4137730211
e1818b21-4458-3b9c-b2b8-7ed6f57ae078,LIFE CARE CENTER OF WILBRAHAM,2399 BOSTON ROAD,WILBRAHAM,MA,10951185,4135963111
328f813e-4de8-3ec2-a113-43f3ddfb0b2a,DILIGENCEHEALTHCARE,30-40 WESTPARK STREET,BROCKTON,MA,23015241,8574539843
dd3307db-114c-3f11-be44-a9eef6bb3fc5,LYNN COMMUNITY HEALTH,269 UNION STREET,LYNN,MA,19011201,7815962502
1d87bbfa-19aa-3128-adca-420ff8d5a12a,BERKSHIRE FAMILY AND INDIVIDUAL RESOURCES INC,771 CHURCH ST,NORTH ADAMS,MA,12474109,4136649382
9b1f8cd0-2246-3f4f-82df-23ea314c7665,LOWN ACQUISITION LLC,800 ESSEX ST,LAWRENCE,MA,18414617,7818262393
15d4c950-4691-3996-b4c4-bf06bfb58ff7,HOLY FAMILY HOSPITAL,70 EAST ST,METHUEN,MA,18445883,9786870151
0caa0116-ef9a-3d4c-bcff-9c405a9d2bda,TRANQUILITY HEALTH AND WELLNESS PROFESSIONALS LLC,105 CHESTNUT ST STE 35,PLYMOUTH,MA,23604054,5085633003
d140ed3f-2696-3e78-bd77-1c959ec4fc4d,HATHAWAY MANOR EXTENDED CARE,863 HATHAWAY ROAD,NEW BEDFORD,MA,27401916,5089966763
1cff30ba-b91f-3ea2-b80b-770d67856358,ROYAL NURSING CENTER  LLC,359 JONES RD,FALMOUTH,MA,25403341,7743450220
d4e48a16-0a60-3e90-81e5-c35b22ffe6af,GREEN MOUNTAIN URGENT CARE LLC,856 STATE RD,NORTH ADAMS,MA,12473027,6035264635
4ff8b164-4cf5-3ab4-b0f2-7ce8fda920e5,CARDIOVASCULAR CENTER AT TUFTS MEDICAL CENTER INC,800 WASHINGTON ST,WORCESTER,MA,16550002,6176365000
bccd7d67-203c-3d93-b6b0-bff5a146cd1d,CARECENTRAL URGENT CARE MEDICAL GROUP PC,286 WASHINGTON ST,STOUGHTON,MA,20721763,7813412800
07baae96-3d74-3c69-a845-dad7b792eb52,EMTAR HEALTH CARE INC,42 ASBURY ST,SOUTH HAMILTON,MA,19821808,9784684101
263d1b03-1560-3fc3-b93d-c33a0cbd5837,HOSPICE SERVICES OF MASSACHUSETTS,10 RIVERSIDE DRIVE  STE 201,LAKEVILLE,MA,23471689,5082910049
4e880cb9-1ca0-3582-b8cf-8a59b0d2b878,BERKSHIRE INTERNAL MEDICINE LLC,51 S CHURCH ST,PITTSFIELD,MA,12016178,4137688217
a2a41caf-758f-3962-8e5f-e6e603f93d17,VIBRA HOSPITAL OF WESTERN MASSACHUSETTS LLC,111 HUNTOON MEMORIAL HWY,ROCHDALE,MA,15421305,5088926000
844a8cb2-4164-35b2-88b8-dffa2889a738,CENTER FOR EXTENDED CARE AT AMHERST,150 UNIVERSITY DRIVE,AMHERST,MA,10022232,4132568185
a6fb79e7-4abb-3a68-b62d-e501427fdca4,AUBURN PRIMARY CARE AND AESTHETICS,489 WASHINGTON ST STE 202,AUBURN,MA,15015709,5087969211
fcad54de-c1cb-3039-8e22-1d2d28134044,HOLY FAMILY INPATIENT SPECIALISTS PLLC,70 EAST ST,METHUEN,MA,18444597,9786870151
9d0e702d-50a0-3f4c-9126-0951d560fd4b,NEW ENGLAND REHABILITATION SERVICES OF CENTRAL MASSACHUSETTS INC,189 MAY ST,WORCESTER,MA,16024339,5087916351
81b1ef2b-8d3c-3923-859d-ae56099e037a,19 VARNUM STREET OPERATING COMPANY  LLC,19 VARNUM STREET,LOWELL,MA,18502132,9784545644
ea8d287f-b3a9-3800-8798-788e334ee406,NORTH SHORE MEDICAL CENTER INC,81 HIGHLAND AVE,SWAMPSCOTT,MA,19072928,9783542065
c7542447-e06e-32cb-b6db-243c23a0dbc2,FRANCISCAN HOSPITAL FOR CHILDREN INC,30 WARREN ST,BOSTON,MA,21353602,6172543800
8bf5325a-c11b-35c4-b07d-17a5aeba8353,BEACON HOSPICE  AN AMYEDISYS COMPANY,815 WORCESTER STREET,SPRINGFIELD,MA,11511001,4132051229
9d2a1656-0f4d-30d1-bc63-eb365a05529c,STEWARD GOOD SAMARITAN MEDICAL CENTER  INC.,235 N PEARL ST,BROCKTON,MA,23011794,5084272841
aba3e6f6-4562-342e-b90f-dd61b117f394,MEDICAL EXPRESS URGENT CARE CENTER CO INC,438 CHESTNUT STREET,SPRINGFIELD,MA,11072008,4137811100
9203d0d2-ca7d-3421-9361-974402ffb561,HILLTOWN COMMUNITY HEALTH CENTERS INC,58 OLD NORTH RD,WORTHINGTON,MA,10989708,4132385511
be509ccb-bfb7-3b87-8945-8426b689ef9d,BOSTON HOME  INC (THE),2049 DORCHESTER AVENUE,BOSTON,MA,21244742,6178253905
a06b1a97-d6ce-3ea1-ba4a-2ef85a8114ab,APPLE VALLEY CENTER,400 GROTON ROAD,AYER,MA,14321171,9787721704
6873525f-1680-3ceb-b536-270d44b46e2e,UPHAMS CORNER HEALTH COMMITTEE INC,500 COLUMBIA RD,DORCHESTER,MA,21252322,6172878000
6c7fe370-02c4-3537-8f5e-373b2168b933,HEALTH ALLIANCE HOME HEALTH AND HOSPICE,60 HOSPITAL ROAD,LEOMINSTER,MA,14533791,9783426013
3ff0f58b-7a1f-3334-9449-ff15f68b7d86,BETH ISRAEL DEACONESS HOSPITAL PLYMOUTH INC,275 SANDWICH ST,PLYMOUTH,MA,23607761,5087462000
4e0ec952-dd08-359e-87af-b13809b955ac,DEARBORN WELLNESS  LLC,37 DERBY ST,QUINCY,MA,21697564,8572888508
171254da-957c-304a-b3fc-51a2d3ebee43,Haverhill Community Based Outpatient Clinic (CBOC),108 Merrimack St.,Haverhill,MA,1830,800-838-6331
8ddbad9e-b5fc-3895-8a1c-17f32197a865,BROAD REACH HOSPICE,1455 MAIN STREET,CHATHAM,MA,26332083,5089454601
7e8bd0f2-2746-355e-92ef-9473818c58a2,BLISSFUL HOMECARE  LLC,90 SUTTON STREET  SUITE 3-4,NORTH ANDOVER,MA,18451655,9787255505
dd280187-8662-3732-af81-595d10572911,4499 ACUSHNET AVENUE OPERATING COMPANY  LLC,4499 ACUSHNET AVE,NEW BEDFORD,MA,27454707,5089956900
004554b4-3068-3938-832d-fa7cbe1cd1fb,DWYER HOME,25 STONEHAVEN DRIVE,WEYMOUTH,MA,21903951,7816605000
9d989fcf-4ad9-3972-ada3-f275d967781e,FALMOUTH HOSPITAL ASSOCIATION INC,100 TER HEUN DR,SANDWICH,MA,25632377,5084573528
af3871c3-2098-3051-bcb7-8a919e194a16,HEALTHCARE SOUTH PC,97 LIBBEY PKWY,WEYMOUTH,MA,21893110,7818032786
a2cc09de-c1e2-3126-8c09-d49f95225281,CHILDREN'S HOSPITAL CORPORATION,300 LONGWOOD AVE,WALTHAM,MA,24532741,6173554831
9f2f60a6-87a4-3f45-b753-b63b5b7e9993,NORTH END COMMUNITY HEALTH COMMITTEE INC,332 HANOVER STREET,BOSTON,MA,21131901,6176438000
c5306a86-09a1-32d9-875a-67ef56e131c0,ACCESS PRIMARY CARE INC,242 SUTTON ST,NORTH ANDOVER,MA,18451631,9786551987
0d7ef8ee-4e45-3b40-9f2b-f558dce71574,PERSONALIZED MEDICAL CARE LLC,200 BOYLSTON ST,CHESTNUT HILL,MA,24672008,6175298041
0519b293-2e92-3eb3-aeef-233da0babc93,PALM SKILLED  NRSING CR & CTR FOR REHAB EXCELLENCE,40 PARKHURST ROAD,CHELMSFORD,MA,18241511,9782563151
4ffc4e4b-9d8d-3c30-ad84-fc9a7209da94,OAKS  THE,4525 ACUSHNET AVENUE,NEW BEDFORD,MA,27454727,5089987807
ce4d0501-49eb-396a-bc56-545fdfc624b0,MARTHA'S VINEYARD HOSPITAL INC,1 HOSPITAL RD,OAK BLUFFS,MA,25571406,5086930410
e69e7cbb-8362-30d1-83f2-3a0c492fe2b1,PLYMOUTH CARVER PRIMARY CARE  P.C.,110 LONG POND RD,PLYMOUTH,MA,23602642,5087467272
06cc2462-430f-3322-9c87-7e971125f510,EMERSON HOSPITAL,133 OLD ROAD TO 9 ACRE COR,WESTFORD,MA,18863198,9782873226
8e1aab52-fc16-3b51-ac7b-30379ebf5630,VNA & HOSPICE OF COOLEY DICKINSON INC,168 INDUSTRIAL DR,NORTHAMPTON,MA,10602379,4135841060
79508e39-d0b0-3613-9d54-168f6e1c3a18,NASHOBA VALLEY MEDICAL CENTER,200 GROTON ROAD,GROTON,MA,14502056,9787849000
1ce0d1a3-b507-3ad1-afc5-b25bfe48b8dc,STOUGHTON PUBLIC HEALTH ASSOCIATION,10 PEARL STREET,STOUGHTON,MA,20722364,7813447011
17512c83-b259-3632-964e-7fa864c557fd,HOSPICE OF FRANKLIN COUNTY  INC.,329 CONWAY ST,GREENFIELD,MA,13011522,4137742400
65cf1d58-590c-3fc8-b68b-f429129a0f79,HARBORSIDE HOSPICE OF MASSACHUSETTS LLC,241 WINTER ST,HAVERHILL,MA,18314835,8003311044
880fad59-9c38-3a21-a39f-ccc801502ab3,SANCTA MARIA NURSING FACILITY,799 CONCORD AVENUE,CAMBRIDGE,MA,21381048,6178682200
34f7bdc0-0550-333e-a53f-5e2af5a6d4ec,PLYMOUTH FAMILY OPTOMETRY LLC,212 S MEADOW RD UNIT 5C,PLYMOUTH,MA,23605450,7742834005
a2d45ee8-b930-3169-b612-f602961ad212,SUNRISE HEALTHCARE LLC,37 MINUTEMAN WAY,SHREWSBURY,MA,15452229,6176509959
4887dc20-9ef6-3cc2-9c56-858388049a50,ELIOT CENTER FOR HEALTH & REHABILITATION,168 WEST CENTRAL STREET,NATICK,MA,17604122,5086551000
10ffe7b1-2f94-3f12-9288-679da05a1ec9,WESTFORD INTERNAL MEDICINE PC,133 LITTLETON RD,WESTFORD,MA,1886,9785771946
2b97893e-dc50-378b-a266-f089b8450329,HARBOR HEALTH SERVICES INC,250 MOUNT VERNON ST,DORCHESTER,MA,21253120,6172881140
d0894f6b-78d7-338d-82ad-b63de4d40014,MOUNT AUBURN HOSPITAL,330 MOUNT AUBURN STREET,WALTHAM,MA,2452,6174923500
310d02fb-ba0c-3b5a-9ab3-8d7bb8e7b661,FAMILY MEDICAL ASSOCIATES  P.C.,709 WASHINGTON STREET,CANTON,MA,2021,7818285351
3d5fbf38-c781-3e04-8c7e-5a402611b7d4,DAVIS SQUARE FAMILY PRACTICE,260 ELM ST,SOMERVILLE,MA,21442951,6176669577
f43f97f2-af04-3ed0-a42e-3681718cc9b2,BERKSHIRE MEDICAL CENTER INC,725 NORTH ST,PITTSFIELD,MA,12014109,4134472000
e119dcbb-0c33-3ec1-bf97-5f477799e5cb,312 MILLBURY AVENUE OPERATING COMPANY  LLC,312 MILLBURY AVENUE,MILLBURY,MA,15273622,5087930088
2f67494e-f17e-3248-ba68-3ca42913cca1,ROYAL OF FAIRHAVEN NURSING CENTER,184 MAIN STREET,FAIRHAVEN,MA,27193259,5089973193
52efa2e5-007f-3396-a83a-28ca015f0595,BAYADA HOME HEALTH CARE INC,20 N PARK AVE STE 2200A,PLYMOUTH,MA,23604090,5088300999
fd938c9f-a355-3ec7-96f8-516240ea1ba2,BEACON HOSPICE LLC,529 MAIN ST STE 126,PLYMOUTH,MA,23604842,6176172424
2c2e6afc-9578-3ba5-bb12-eed97d3a823b,BEAR MT MATTAPAN LLC,405 RIVER ST,MATTAPAN,MA,21262210,6172965585
8395b012-c9c6-3b96-a7f9-edd24c9a3006,PLYMOUTH REHABILITATION & HEALTH CARE CENTER,123 SOUTH STREET,PLYMOUTH,MA,23602945,5087464343
f438b8e0-d856-328a-b193-2b014fc4cb97,D'YOUVILLE SENIOR CARE,981 VARNUM AVENUE,LOWELL,MA,18541913,9784545681
936ceb96-2b12-371f-aa68-ee02a9c06f4c,PRIMARY CARE NORTH PC,225 BOSTON ST,LYNN,MA,19043124,7815959581
51759ecf-0948-3f61-b8fc-09dd8f2b90a1,FAIRVIEW COMMONS NURSING & REHABILITATION CENTER,CHRISTIAN HILL ROAD,GREAT BARRINGTON,MA,12301108,4135284560
a855314b-4fb5-37fc-8015-5caa96c928b1,BAYSTATE MEDICAL CENTER INC.,759 CHESTNUT ST,SPRINGFIELD,MA,11991001,4137940000
48a6d3ab-50ef-349e-8945-2558a78f378e,SAINT ANNE'S HOSPITAL,795 MIDDLE ST,SWANSEA,MA,27774114,5086745600
0a8a4b11-d0b8-3cd2-92cd-983de5189cfa,LIFE CARE CENTER OF THE NORTH SHORE,111 BIRCH STREET,LYNN,MA,19021574,7815929667
cabc0f0d-dcca-34a2-bc6b-519ed1cc7f74,ACHIEVE WELLNESS  LLC,191 MERRIMACK ST STE 712,HAVERHILL,MA,18306199,9788914928
7b7ce654-a413-37d1-9d34-97240c0ac580,WOONSOCKET URGENT CARE PC,1 WRENTHAM ST,BELLINGHAM,MA,20192532,5083184466
f3740f1e-3176-3f58-ba4a-f95d8f5b9263,FENWAY COMMUNITY HEALTH CENTER  INC,75 KNEELAND ST,BOSTON,MA,21111901,6174578140
95b01a7c-e16a-37d4-b354-c404baa00203,BERKSHIRE PLACE,290 SOUTH STREET,PITTSFIELD,MA,12016824,4134454056
f1c6e386-ed52-3f97-a2b0-4e21ad2d0966,TAUNTON MEDICAL CENTER  PC,54 COURT ST,TAUNTON,MA,27803201,5088212500
7b20d1c4-c56b-3647-801c-5e4e13679073,BETH ISRAEL DEACONESS HOSPITAL PLYMOUTH INC,275 SANDWICH ST,PLYMOUTH,MA,23602183,5087462000
46daa26f-fda5-38a9-9c45-fda430d28fa6,FIDELIS HOSPICE,25 RAILROAD SQUARE  SUITE 501,HAVERHILL,MA,18325721,9789127842
c0132cf6-1703-3aad-89b4-cc2f2bbc123e,MARISTHILL NURSING & REHABILITATION CENTER,66 NEWTON STREET,WALTHAM,MA,24536058,7818930240
4f59f709-8b84-3d27-a04b-c6b7b5544413,HILLTOWN COMMUNITY HEALTH CENTERS INC,70 BOLTWOOD WALK,AMHERST,MA,10022271,4132385511
36d328a2-68bb-3967-a9bf-00897a7c945f,HANNAH B G SHAW HOME,299 WAREHAM STREET,MIDDLEBORO,MA,23462905,5089471184
5225cc87-6a30-303c-a882-5f001cee7f0e,MANET COMMUNITY HEALTH CENTER  INC.,110 W SQUANTUM ST,QUINCY,MA,21712122,6173763030
552ede7f-2ba4-39ef-9217-29d27b89b8a7,LAKEVIEW HOUSE SKLD NRSG  AND RESIDENTIAL CARE FAC,87 SHATTUCK STREET,HAVERHILL,MA,18302319,9783721081
a079d416-e8fe-3286-8ef3-6d289d7b5ad9,Hyannis Outpatient Clinic,233 Stevens St,Hyannis,MA,2601,508-771-3190
79d49935-bcc0-36ca-920b-45365c367438,SOUTH BOSTON COMMUNITY HEALTH CENTER INC,409 W BROADWAY,SOUTH BOSTON,MA,21272245,6172697500
0f2c58ec-5323-3c0f-9bdf-af0df7eb2a2b,MARIAN MANOR,130 DORCHESTER STREET,SOUTH BOSTON,MA,21272642,6172683333
cc400ddc-c38d-3604-8d89-cea21555719f,NEEDHAM FAMILY PRACTICE ASSOC. P.C.,87 CHESTNUT ST,NATICK,MA,17603644,7814445515
362cc3af-dcb0-31d0-a2be-a5ba9d016aeb,JEWISH HEALTHCARE CENTER INC,629 SALISBURY ST,WORCESTER,MA,16091121,5087988653
06376cbe-4880-384b-b459-7ce3eef36ced,HEALTHFIRST FAMILY CARE CENTER INC,387 QUARRY ST,FALL RIVER,MA,27231026,5086798111
b3312a2d-37e9-35a8-b50d-6c165c437baa,DIMOCK COMMUNITY HEALTH CENTER  INC,45 DIMOCK ST,ROXBURY,MA,21191029,6174428800
2836d9ac-c6a6-39d1-8f13-fdf0fc8928f4,TEWKSBURY HOSPITAL,365 EAST ST,TEWKSBURY,MA,18761950,9788517321
a2f8d8fe-665e-390f-8b9b-efdc0b14a77c,LOWELL COMMUNITY HEALTH CENTER,161 JACKSON ST,LOWELL,MA,18522103,9783228590
7dddc0c2-9f1d-3e4e-b2f2-fc7e6abbed31,ALTERNATIVE HOME HEALTH CARE  LLC,160 MERRIMACK STREET  SUITE 1,METHUEN,MA,18446117,9786577444
82c72223-f521-3a34-9b9b-4ff366365399,CARNEY HOSPITAL,2100 DORCHESTER AVENUE,QUINCY,MA,21691870,6175062000
b5e6f1bd-c744-3556-9775-5ff8399eea33,CONCORD INTERNAL MEDICINE ASSOCIATES  P.C.,2284 MAIN ST,CONCORD,MA,17423829,9783695575
04b252db-4231-3cb5-963d-6f096fb4b97c,DEDHAM MEDICAL ASSOCIATES URGENT CARE CENTER LLC,1177 PROVIDENCE HIGHWAY,NORWOOD,MA,20625019,7813291400
4bde4cbc-55f7-3501-90eb-2c88178c7be1,SUN MEDICAL CLINIC  PC,50 MEMORIAL DR,LEOMINSTER,MA,14532238,9788400055
e2eab39c-5195-34aa-b35f-e89e37cfed01,SOUTH SHORE HOSPITAL INC.,55 FOGG ROAD,WEYMOUTH,MA,21893141,7813408000
b411fd60-9bd5-30f1-99b4-c24a409964a1,WILLOW STREET FAMILY PRACTICE INC,42 ASBURY ST,SOUTH HAMILTON,MA,19821808,9784684101
1de7e7d9-9a7a-3a3f-bf4c-b4de450711f2,CIRCLE HEALTH URGENT CARE LLC,198 LITTLETON RD,WESTFORD,MA,18863429,9783230302
940d491c-ad61-3bd3-9054-d6d884280934,ASHMONT HILL  LLC,321 CENTRE STREET,DORCHESTER,MA,21221112,6178256320
f52777bd-7313-3b27-8dd5-cd3f87bd3275,WALTHAM WESTON INTERNAL MEDICINE ASSOCIATES  P.C.,9 HOPE AVE,WESTWOOD,MA,20902914,7815476030
497f39dd-280e-3d58-af5b-c5e3a3a09b10,CAPE COD HOSPITAL INC,27 PARK ST,HYANNIS,MA,26015230,5087711800
0d7fd824-1c7b-3f8b-a662-f6c2005e82e1,OVERLOOK MASONIC HEALTH CENTER,88 MASONIC HOME ROAD,CHARLTON,MA,15071394,5082487344
08d21a25-abf3-32b9-817b-471143b59289,TAK-PROGRESSIVE HEALTH SERVICES  INC,3352 BROTHERS PL SE,CHELSEA,MA,21502309,3018060891
a2df2aea-9c53-31f4-baea-02ea5ea1e553,BUCKLEY-GREENFIELD HEALTHCARE CENTER,95 LAUREL STREET,GREENFIELD,MA,13013106,4137743143
390a2aa4-70b4-3a64-a12f-9bd777834c8d,OUTER CAPE HEALTH SERVICES INC,710 MAIN STREET,HARWICH PORT,MA,26461931,5084321400
18a96051-91f4-3cba-af96-056ea14dfee0,ANNA JAQUES HOSPITAL SUBACUTE UNIT,25 HIGHLAND AVENUE,NEWBURYPORT,MA,19503872,9784631056
1ab2b5f9-cb95-3236-beec-9b9d4a407c61,BERKSHIRE MEDICAL CENTER INC,725 NORTH ST,PITTSFIELD,MA,12014109,4134472000
07ae483b-b351-3add-8b05-afba832b88ea,STONEHEDGE HEALTH CARE CENTER,5 REDLANDS ROAD,WEST ROXBURY,MA,21321506,6173276325
aebbaa5c-2d54-3002-8042-83f6513ccbd2,PRIMARY CARE FOR MUSCULOSKELETAL INJURIES PLLC,14 TOWNSIDE LN,WALPOLE,MA,20813541,5088890642
1bed5229-19d7-3168-94a2-f1f2abb00270,MORTON HOSPITAL  A STEWARD FAMILY HOSPITAL  INC.,88 WASHINGTON ST,TAUNTON,MA,27802465,5088287881
41e2a44c-477c-3511-96f9-12c476aa3b6a,DR SOLOMON CARTER FULLER MENTAL HEALTH CENTER,85 E NEWTON ST,BOSTON,MA,21183553,6176268860
edbb9e9c-3440-3b38-abfc-83a8f0b6bebc,BEAR MT FALL RIVER LLC,273 OAK GROVE AVE,FALL RIVER,MA,27232315,5086794866
363631be-d437-3548-98c2-d10b909c1721,SEA VIEW CONVALESCENT AND NURSING HOME,50 MANSION DRIVE,ROWLEY,MA,19691026,9789482552
c1986c0c-f756-3596-8f90-08adacf220fe,CHESTNUT WOODS REHABILITATION AND HEALTHCARE CTR,73 CHESTNUT STREET,SAUGUS,MA,19061605,7812338123
18b1bb7e-2f93-3253-a7ae-d19c13ffeaa1,GARDEN STATE HEALTHCARE ASSOCIATES LLC,29 E 29TH ST,WEST NEWBURY,MA,19854201,2018587394
67d2f85b-ddc7-3ed0-b90b-6fa5b7b8358a,CHARLES RIVER COMMUNITY HEALTH  INC,43 FOUNDRY AVE,WALTHAM,MA,24538313,6177830500
5e5f1707-d324-32e1-abf7-cbdd4b0f5fe1,SAVOY NURSING & REHAB CTR,670 COUNTY ST,NEW BEDFORD,MA,27406719,5089942400
0d9b0d22-585e-3fd8-ab02-26b5be7915d1,THE SHRINERS HOSPITAL FOR CHILDREN,516 CAREW ST,SPRINGFIELD,MA,11042330,4137872000
0d1570ab-371c-3898-9397-95905d8c5166,TUFTS MEDICAL CENTER  INC,750 WASHINGTON ST,BOSTON,MA,21111552,6176365442
1853aeef-5897-326a-80d6-aa4b0459eb6d,BARRINGTON URGENT CARE PC,381 WICKENDEN ST,ATTLEBORO,MA,27032247,4014337550
f3030ee3-dfa5-3595-b684-9769e52a580a,OVERLOOK HOSPICE SERVICES,88 MASONIC HOME ROAD  DAVENPORT BLDG  2ND FL,WEST SPRINGFIELD,MA,10891357,5087651515
94dda4e1-7476-367a-b1f8-37ea7f61a1b7,WHITTIER REHABILITATION HOSPITAL - BRADFORD,145 WARD HILL AVENUE,WESTBOROUGH,MA,15811017,9783728000
22fa6d28-92b6-3446-a388-f5aba50debaf,CHELSEA JEWISH VISITING NURSE AGENCY,123 CAPTAIN'S ROW,CHELSEA,MA,21504019,6178870826
8a87ef73-eaa2-340a-bec5-c3cef01ef836,BEAR MT WESTFORD LLC,3 PARK DR,WESTFORD,MA,18863511,9783921144
2ca615f3-87f7-3283-a447-d919a883b676,HANOVER FAMILY HEALTH & URGENT CARE PC,1399 WASHINGTON ST,HANOVER,MA,23391653,7818290895
7f32dd7d-5c35-3ddb-839b-8fbbb930d412,ST PATRICK'S MANOR,863 CENTRAL STREET,FRAMINGHAM,MA,17014813,5088798000
51d38e67-9350-39b8-bbb3-91cc879ae415,HIGHLANDS  THE,335 NICHOLS ROAD,FITCHBURG,MA,14201932,9783434411
80646050-1c76-3046-bbc8-fd5f0b7c34e6,COMMUNITY HEALTH CONNECTIONS  INC,140 ARNHOW FARM ROAD,FITCHBURG,MA,14201369,9788788100
cac6f8b3-eafd-31b3-9fa3-8015752ccc2c,VHS ACQUISITION SUBSIDIARY NUMBER 7 INC,123 SUMMER ST,WORCESTER,MA,16081216,5083636211
6e517750-a29e-3170-a02b-5733ff523458,TREE OF LIFE HEALTHCARE ASSOCIATES,101 BARRY RD,WORCESTER,MA,16091275,5087677931
1b3fe590-8793-3f08-865d-01fc425a84d4,FENWAY COMMUNITY HEALTH CENTER  INC,1340 BOYLSTON ST,BOSTON,MA,22154302,6179274880
0be0e035-8dad-387e-bbdd-a5a469c4311f,PODIATRY HEALTHCARE P.C.,480 MAPLE ST,DANVERS,MA,19234065,9783048403
3f12ebb4-e03c-3453-88d2-4fc9682383df,NEW BEDFORD INTERNAL MEDICINE & GERIATRICS  LLC,726 COUNTY ST,NORTH DARTMOUTH,MA,27473603,5089845671
a9fc7aa5-d3b3-314d-9cf7-af29051d3dd9,MANET COMMUNITY HEALTH CENTER  INC AT HOUGHS NECK,1193 SEA STREET,TAUNTON,MA,27803960,6174718683
8ec2ca51-abb4-35dd-b90f-6c6aad6d2124,ALLIANCE HEALTH AT ROSEWOOD,22 JOHNSON STREET,PEABODY,MA,19602311,9785358700
8af3b144-0e1a-3c90-937d-81a4ed026080,NORWOOD HOSPITAL,800 WASHINGTON STREET,NORWOOD,MA,20623489,7817694000
9fdce5d5-d4d0-3156-a8d5-8757bfe4e9b3,ONE CALL HEALTHCARE PLLC,1 FARMER CIR,ARLINGTON,MA,24742866,6178660789
b014aec7-7bd8-351f-8808-3e280cbc5be6,STEWARD HOLY FAMILY HOSPITAL INC,70 EAST ST,HAVERHILL,MA,18306700,9786870151
b3b56527-d366-3353-bca9-266a12f23051,LYDIA TAFT HOUSE,60 QUAKER HIGHWAY,UXBRIDGE,MA,15691628,5082789500
125eccb3-d003-34ea-9bd8-360dff059782,NEW ENGLAND BAPTIST HOSPITAL,125 PARKER HILL AVENUE,DEDHAM,MA,20266146,6177545800
b93ffa11-ffab-3fe0-8c28-657817801192,VERO HEALTH XII LLC,9 MAPLE ST,WILBRAHAM,MA,10951730,4135962411
e92dad8b-f485-315a-8fc4-1d7adfdc9c00,NORTHEAST BEHAVIORAL HEALTH LLC,581 FAUNCE CORNER RD,DARTMOUTH,MA,27471242,5082079800
dd23b7d3-7275-3140-a984-1bfb9b8c4da1,GERIATRIC INTERNAL MEDICINE SPECIALISTS  LLC,2 KIRKAT WAY,NEW BEDFORD,MA,27441052,5088589197
aad05540-c9cb-3805-b3c4-f9b9d9b42b2e,RIVER'S EDGE PRIMARY CARE LLC,821 E MAIN ST STE 3,CHICOPEE,MA,10206306,4136956774
1aa9084e-2b86-3d6e-93ab-dbe6d4dda601,CARLETON-WILLARD VILLAGE RETIREMENT & NURSING CTR,100 OLD BILLERICA RD,BEDFORD,MA,17301267,7812758700
2987ddf5-7ff2-3e4a-9e25-d654a10313fd,THOMAS UPHAM HOUSE,519 MAIN STREET,MEDFIELD,MA,20522522,5083596050
eea92149-820f-301f-911e-b170e8312842,ST VINCENT HOSPITAL,123 SUMMER STREET,WORCESTER,MA,16102177,5083635000
19a3afba-b409-3650-a0ab-f3faf6e391ef,ASSOCIATED PHYSICIANS OF HARVARD MEDICAL FACULTY PHYSICIANS AT BETH IS,199 REEDSDALE RD,WALTHAM,MA,24511433,6176964600
5de0661c-5943-365b-93c7-8ab84e1df09c,PHILLIPS MANOR LLC,28 LINWOOD RD,LYNN,MA,19051638,7815928000
83a08dcf-7ed6-3d2e-afc0-a72c05d2563c,GREATER LAWRENCE FAMILY HEALTH CENTER INC,755 MAIN ST,HAVERHILL,MA,18302166,9786860090
c9aabcbd-d4e0-391f-8980-d0be6934ea82,VIGILANT FAMILY HEALTH CLINIC  INC.,340 PLEASANT ST,BROCKTON,MA,23013236,8579918438
2f5c26cd-be8d-351a-97af-23fbcaba0967,BETH ISRAEL DEACONESS HOSPITAL PLYMOUTH INC,36 CORDAGE PARK CIR,PLYMOUTH,MA,23607320,5087460215
2fb77691-5353-358a-bc94-90af77dd654b,NASHOBA VALLEY MEDICAL CENTER  A STEWARD FAMILY HOSPITAL INC,200 GROTON RD,AYER,MA,14321168,9787849000
cbebae9e-f95e-3d2c-9712-289ea8d6aeec,ARBOUR HOSPITAL  THE,49 ROBINWOOD AVENUE,QUINCY,MA,21698130,6175224400
5862e05c-9533-3f7a-8f73-215d50f5ee2f,HEBREW REHABILITATION CENTER,1200 CENTRE ST,ROSLINDALE,MA,21311000,6173258000
ec7e487e-7e78-3eac-a9ee-37f8de98a0f9,COLONY CENTER FOR HEALTH & REHABILITATION,277 WASHINGTON STREET,ABINGTON,MA,23512489,7818710200
a5577e5c-b886-37a0-8eee-8ff6feb7ea6b,MOUNT AUBURN HOSPITAL,330 MOUNT AUBURN ST,CAMBRIDGE,MA,21385502,6174923500
20df65a4-7567-3066-b680-0f71b0c31d38,HENRY HEYWOOD MEMORIAL HOSPITAL,242 GREEN ST,GARDNER,MA,14401336,9786323420
5581e43d-0463-3a0b-afc7-a60aea5ac96c,GREATER LAWRENCE FAMILY HEALTH CENTER INC,57 RIVER RD,ANDOVER,MA,18101144,9786868521
ce9c1582-994d-32bf-835c-474a249d2804,KINDRED AT HOME,275 MARTINE STREET  SUITE 104,FALL RIVER,MA,27231500,5086720675
9485907a-9f9c-3c19-a424-b402ee8f99c2,ST FRANCIS REHABILITATION & NURSING CENTER,101 PLANTATION STREET,WORCESTER,MA,16043025,5087558605
966245ce-e84d-36b0-a838-2e0b5bb2e668,MATTAPAN COMMUNITY HEALTH CENTER,1425 BLUE HILL AVENUE,MATTAPAN,MA,21262122,6172960061
4eddfa13-f996-3048-9bbc-541b0a29038a,STEWARD ST ELIZABETHS MEDICAL CENTER OF BOSTON INC,736 CAMBRIDGE ST,BRIGHTON,MA,21353601,6177893000
845fbd9b-2d1c-39a8-8261-28ae40e4fab2,MILFORD REGIONAL MEDICAL CENTER,14 PROSPECT STREET,UPTON,MA,15681431,5084731190
946ec45f-5c4a-361f-b158-927144864133,COMPASSUS - GREATER WESTERN MASSACHUSETTS,19 MIDSTATE DRIVE  SUITE 130,AUBURN,MA,15011856,5088452379
84d5768f-3a21-3da9-aad2-bbf7a3ae2700,LOWELL FAMILY MEDICAL CARE PC,817 MERRIMACK ST,LOWELL,MA,18543548,9784530550
9ce6072b-d039-3cde-8eaf-950211b8ae88,MIDDLETON FAMILY MEDICINE URGENT CARE  LLC,147 S MAIN ST,MIDDLETON,MA,19492446,9787742555
ecd3b321-0a8a-3ce6-81f0-982dd77fce43,ANNA JAQUES HOSPITAL SUBACUTE UNIT,25 HIGHLAND AVE,NEWBURYPORT,MA,19503867,9784631000
42c13743-f36f-370a-a5ca-3e3c9795e02d,SENIOR RESIDENTIAL CARE - KINGSTON  INC.,17 CHIPMAN WAY,KINGSTON,MA,23641039,7815854100
058176fd-cbb0-328b-8411-c19f5045032d,EXCEL CENTER FOR NURSING AND REHAB AT LEXINGTON,840 EMERSON GARDENS ROAD,LEXINGTON,MA,2420,7818618630
2fbb592e-2154-3a4d-856e-467d7ba5bed7,FAIRVIEW HOSPITAL,780 MAIN ST,GREAT BARRINGTON,MA,12302148,4135288643
9a20d707-68e4-32c0-b2b2-2f5d5c2012cd,CLARITY HEALTH & WELLNESS LLC,131 CAMBRIDGE ST STE 1,BURLINGTON,MA,18033711,7812652572
f90ef475-defe-363d-a926-573b38f804a2,PRIMARY CARE FOR ADULTS PLLC,54 HOPEDALE ST,HOPKINTON,MA,17481672,5084738373
071a898d-3535-39fd-bf61-d33301aacd04,TRANQUIL MIND & WELLNESS,104 CHARLES ELDRIDGE RD,LAKEVILLE,MA,23471370,5089471683
41f66e18-8eb7-32f2-9371-7df5bf2b8d21,AMBULATORY EMPLOYEE INDUSTRIAL OCCUPATIONAL AND URGENT HEALTHCARE,170 UNIVERSITY DRIVE,GREENFIELD,MA,13011238,4133874556
a25107f7-f4f5-36fc-98e4-f3e1b5875c91,MASS GENERAL BRIGHAM URGENT CARE LLC,1285 BEACON ST,WOBURN,MA,18012157,6177516205
0e6c3ad1-24c1-34cb-bb6d-e8438fa319e2,URGENT CARE OPERATIONS PC,50 DODGE ST,SWAMPSCOTT,MA,19071300,9789222171
4f9dd195-07b8-3a81-8b7a-58852a0e6cdf,FAIR HAVENS INC,47 E MAIN ST,WEST BROOKFIELD,MA,15852906,5088677716
3695125c-c052-3ece-898a-2a6448987ae5,URGENT CARE SPECIALISTS  P.C.,2040 BOSTON RD STE 5,WILBRAHAM,MA,10951380,4135993800
05fcf001-ab24-3d7d-85f7-f64942d82738,ENCOMPASS HEALTH BRAINTREE HOSPITAL OF BRAINTREE,250 POND STREET,FRAMINGHAM,MA,17014592,7818485353
7e6db51f-7c1b-3555-9e1c-6269ba6d704d,ACCLAIM HOME HEALTH CARE  INC,120 STAFFORD STREET SUITE 206,WORCESTER,MA,16031461,5084596937
e7b77e8f-b607-3273-aef9-ad1bca48813f,ZION HEALTH & WELLNESS LLC,209 W CENTRAL ST STE 216,NATICK,MA,17603716,7745970925
7e3760fd-328f-3082-8c56-68d6b96f6521,REVOLUTION CHARLWELL LLC,305 WALPOLE ST,NORWOOD,MA,20623021,7817627700
f5c6acf1-d209-3ba2-9fec-f70dda7001f0,BEAR MOUNTAIN 320 OPERATING LLC,320 MAPLE AVE,GREAT BARRINGTON,MA,12301951,4135282650
e5d50afe-8c7d-35f5-96f5-fb8941403b0f,VMD PRIMARY PROVIDERS MASSACHUSETTS PLLC,125 S CLARK ST STE 900,FALL RIVER,MA,2722,3124657900
9adfae03-673d-365d-9052-f705098fa3e4,THE SHRINERS HOSPITAL FOR CHILDREN,51 BLOSSOM ST,BOSTON,MA,21142699,1617722300
25431f9a-00e4-36d8-9810-4125328eec50,THE GENERAL HOSPITAL CORPORATION,55 FRUIT ST,WALTHAM,MA,2451,6177262000
89171335-b9c0-3326-98d6-a837d432b9fd,WHITTIER REHABILTATION HOSPITAL,150 FLANDERS ROAD,LYNN,MA,19042915,5088712063
7cd7fc5c-3fa7-3b6e-b3c9-0dbaec2a3470,HOLYOKE HEALTH CENTER INC,505 FRONT STREET,CHICOPEE,MA,10133140,4134202222
01bde980-bf89-3138-8912-7360dff33247,LE & CHANG FAMILY URGENT CARE PC,456 PARK AVE,WORCESTER,MA,16101254,5086851517
217cb6f6-e822-3831-9d9d-ffa104971042,ENCOMPASS HEALTH REHABILITATION HOSP OF NEW ENGLAN,2 REHABILITATION WAY,WOBURN,MA,18016003,7819355050
71f4c23f-7559-31ff-8f42-a672e80b85a2,SPAULDING REHABILITATION HOSPITAL,300 FIRST AVENUE,WESTBOROUGH,MA,15812831,6177206400
e0cc7e8e-e1a4-3a02-b589-0a35741d39fe,SUNSHINE WELLNESS INC,990 PARADISE RD,SWAMPSCOTT,MA,19071831,6179353609
121b0ad1-1beb-3caa-9271-3d3f726bb727,PATRIOT URGENT CARE PROFESSIONALS PC,1030 MAIN STREET,WALTHAM,MA,24517447,7818946900
43f37d29-0bcb-3d84-b9c0-9ee4f2485ff2,TAG VIRTUAL WELLNESS LLC,168 WALTON RD UNIT 19,ROWLEY,MA,19692014,6172939978
883f57b8-89c6-3dc4-b6da-047705c88623,SOUTHCOAST HOSPITALS GROUP INC,363 HIGHLAND AVE,FALL RIVER,MA,27203703,5086793131
f6ba791e-fe68-3596-bef4-60751db6a60e,VNA & HOSPICE OF GREATER MILFORD,37 BIRCH STREET,MILFORD,MA,17575501,5084730862
2fc3d86d-4194-3ad1-bb8a-99d5d34119a1,QUINCY PRIMARY HEALTHCARE PC,300 CONGRESS ST STE 203,QUINCY,MA,21690907,6174811771
e1892a2c-6dca-3c4c-93b7-0e00a9eb8b61,PRIMARY & PREVENTIVE CARE  INC.,20 EAST ST,HANOVER,MA,23391638,7818263146
11a40a26-a5a3-331d-aef0-d06dd90e2b4e,CAPE COD PRIMARY CARE LLC,10 OSTERVILLE WEST BARNSTABLE RD,YARMOUTH PORT,MA,26752000,5084282620
b954c464-11ea-312b-a3f8-1350775bfa54,CHELSEA JEWISH HOSPICE AND PALLIATIVE CARE,123 CAPTAIN'S ROW,CHELSEA,MA,21504019,6178890779
0dfa7ab2-4acc-360c-ab55-beb8e38a8c1d,HUGHES HEALTH AND WELLNESS,36 CORTADGE PARK,PLYMOUTH,MA,23607320,5082807214
95f6c328-96dd-3fb8-a56e-9aad566094b4,EXCEL HOME CARE SERVICES INC,4 STONY HILL ROAD,WILBRAHAM,MA,10951027,4135832005
19f958ef-57cf-33c1-b068-14b32a980813,DRACUT FAMILY HEALTHCARE,155 BROADWAY RD,DRACUT,MA,18262754,9784580475
53f086de-2fc7-3d35-92c2-aca4ed944e7f,LAWRENCE GENERAL HOSPITAL,1 GENERAL ST,LAWRENCE,MA,18412961,9786834000
20f63278-6709-3195-b767-782d2a10bd5c,NEVILLE CENTER AT FRESH POND FOR NURSING & REHAB,640 CONCORD AVENUE,CAMBRIDGE,MA,21381116,6174970600
e498871e-3c3d-3ea1-a79d-4bc09679de84,221 FITZGERALD DRIVE OPERATING COMPANY  LLC,221 FITZGERALD DRIVE,NEW BEDFORD,MA,27453426,5089964600
c709c5eb-ddd7-3778-84f7-0931a4d1c718,HEBREW SENIORLIFE AFFILIATED MEDICAL GROUP INC,1200 CENTRE ST,ROSLINDALE,MA,21311000,6179715766
c05d73d0-b348-32ce-9fe5-13a720950f37,URGENT HELP CHELMSFORD PC,45 DRUM HILL RD,CHELMSFORD,MA,18241503,9784467515
ac0fde88-b0ad-3388-a4a8-b8fc2a4f4af2,NEW ENGLAND SINAI HOSPITAL,150 YORK STREET,STOUGHTON,MA,20729105,7813644850
d70d47dc-b40c-3a04-8342-35cbfe716409,SENIOR HEALTHCARE ASSOCIATES INC,83 LITTLEFIELD RD,NEWTON,MA,24593010,7816421859
de3cc142-803a-3ed4-8945-75ec88a84784,ALLIANCE HEALTH AT BALDWINVILLE,51 HOSPITAL ROAD,BALDWINVILLE,MA,14361215,9789392196
0592d4e5-a0fb-3143-83cd-8e5a6b066a96,SOUTH SHORE PRIMARY AND URGENT CARE LLC,20 EAST ST,HANOVER,MA,23391638,7815610460
6aae7a31-90df-3455-ad8d-81f8cf2d21e8,BROCKTON HOSPITAL  INC.,680 CENTRE ST,BROCKTON,MA,23023308,5089417000
