PROVIDER_ID,ORGANIZATION_ID,NAME,GENDER,SPECIALITY,ADDRESS,CITY,STATE,ZIP,ORGANIZATION_PHONE
02e93bd7-7b8d-3643-ad0b-0809d7c5a050,74ab949d-17ac-3309-83a0-13b4405c66aa,Ted955 Reilly981,M,GENERAL PRACTICE,881 Main Street,Fitchburg,MA,1420,9783429781
7ab76d33-4639-3e2a-9a9a-d7a5c9d518e5,588f6ce6-b8db-3588-8189-29db2680a313,Tiffaney302 Brakus656,F,GENERAL PRACTICE,461 WALNUT AVE,JAMAICA PLAIN,MA,21302331,8576541550
f5657d8d-03ea-3407-9e70-a16fceae07ee,17a4bae5-8b64-34d7-8144-b428be027bd0,Olympia319 Ward668,F,GENERAL PRACTICE,512 MAIN STREET  SUITE 211,SHREWSBURY,MA,15456406,5088451232
cfd9e0c1-de06-353c-bf0e-68fc8c730549,e09d4c49-c2ef-3b0f-9a46-3719d9219306,Ronald408 Emard19,F,GENERAL PRACTICE,60 HOSPITAL RD,LEOMINSTER,MA,14533290,9784662000
d991ee2e-0ce4-37f6-9721-e279e2280ac8,d2284f74-b6da-3a15-9791-84cdf2db18fb,Fernande593 Mosciski958,F,GENERAL PRACTICE,331 E FALMOUTH HWY,E FALMOUTH,MA,25366039,5084950704
5c072f71-29c7-37bc-9119-fda0803b3b65,ae88fd02-4911-3625-9e97-85b626ed3b0b,Adolph80 Farrell962,M,GENERAL PRACTICE,476 VARNUM AVE,LOWELL,MA,18542122,9784583388
3104e85b-79b0-3d14-87b8-4959bce7530a,ab701a70-a658-340e-8f69-ee196a7d40c6,Bud153 Parisian75,M,GENERAL PRACTICE,484 RTE 134,WORCESTER,MA,16071728,5086947901
4876f9de-f52e-3911-8395-3069a5cf865a,8a2e2731-3240-39d1-b4f0-cad14200937d,Carter549 Ritchie586,M,GENERAL PRACTICE,88 WASHINGTON ST,TAUNTON,MA,27802465,6174194772
b2e1c72a-e283-3e21-aef6-e5364f4ca43b,52ecddd8-42f6-35cc-88a5-cf474c02fb49,Cecil300 Fahey393,M,GENERAL PRACTICE,94 OBERY STREET,PLYMOUTH,MA,23602130,5087479800
4f0e3bd3-4735-3491-adf6-cc8db75811a5,59d1f454-5701-3f71-8fe7-94f785e15062,Wilton999 Lesch175,M,GENERAL PRACTICE,57 OLD ROAD TO 9 ACRE CORNER,WEST CONCORD,MA,17423317,9783713400
260beca6-72c0-319c-9d40-095fafcd29c6,fa564970-fde4-332c-91d9-c0747b032d3e,Teodoro374 Godínez202,M,GENERAL PRACTICE,34 SOUTH LINCOLN STREET,NATICK,MA,17606049,5086538330
e05a5e72-0c8d-3669-99af-470333066bd6,817a1428-2045-3e89-9fa2-ef7d287d6fa5,Dana512 Schuster709,M,GENERAL PRACTICE,70-71 N PARISH RD,LAWRENCE,MA,1843,9786814769
3bd2bbc5-4492-3f49-9052-979b03f374ec,667b46fe-0afa-3f70-a311-bbe3d52db050,Mickey576 Borer986,F,GENERAL PRACTICE,757 BOSTON POST RD,WORCESTER,MA,16071728,6173024194
5de3faba-4226-3ebb-9c2b-e3384336b662,8447e2c7-df8d-3e1f-9d88-b67dcca2bcb6,Tristan353 Baumbach677,M,GENERAL PRACTICE,22 HILLSIDE AVE,GROTON,MA,14501284,9784483388
3f6b2728-ad2a-3442-a0bb-af116e707d60,8f0ec876-22d3-3986-892e-4c2052d0fffa,Edwardo860 Harris789,M,GENERAL PRACTICE,94 SUMMER ST,FITCHBURG,MA,14205761,7189740266
fb75ffd6-46b4-324f-bff4-1285c69abcf6,5fcff9db-16e4-3e56-aa78-abbc16338097,Marcus77 Schamberger479,M,GENERAL PRACTICE,295 VARNUM AVE,WESTFORD,MA,18863513,9789376000
7eca9578-17ef-3896-bd6b-75ec2c1e15d3,1ddd51d1-7297-3c3b-bad5-98aecd5e4a79,Dinah304 Kub800,F,GENERAL PRACTICE,127 CAMBRIDGE STREET  SUTIE #2B,BURLINGTON,MA,18033735,6174721333
57468c11-c2e8-34ea-907e-aac55167df44,2e1eaaf1-ebb0-332c-8921-f48e15b91879,Delmer311 Nolan344,M,GENERAL PRACTICE,2 SEAPORT DRIVE,QUINCY,MA,21711599,6177695100
021ee4be-5407-3d23-bbe1-e26798ec1ab7,2cf06ddc-4c55-3c91-98f1-fb0188079c27,José María211 Perales854,M,GENERAL PRACTICE,10 VETERANS MEMORIAL DRIVE,MILFORD,MA,17572900,5084736414
1b4c6182-582a-386c-b84e-51c067d8a4ab,02c936e2-3aee-38b2-88a4-81f3689b7bb7,Aaron697 Kohler843,M,GENERAL PRACTICE,120 FISHER AVENUE,BOSTON,MA,21203320,6177381500
32c21632-cb71-3cb4-83d4-53412d52a9c8,5fa5e611-be3d-3ebb-8f71-124325f6005f,Rachele486 Nikolaus26,F,GENERAL PRACTICE,480 ROUTE 6A,EAST SANDWICH,MA,25371438,5082748222
de481d45-5a45-38a4-b3fc-bbd07536511e,e93b27a8-6507-3595-84a5-f899ce23a72d,Gertha313 Sanford861,F,GENERAL PRACTICE,70 EAST STREET,NORTH ANDOVER,MA,18456144,9786872273
6241bef5-2295-3438-9968-ca3ea40e4d77,05137a62-1a8f-34ff-8baf-a0c35c238ea0,Houston994 Olson653,M,GENERAL PRACTICE,750  ATTUCKS LANE,HYANNIS,MA,26011950,5087788800
f0535536-7b68-3583-ae80-8265407e8472,ede4a423-6258-3ef5-b5ba-0fa6bb579563,Olinda137 Paucek755,F,GENERAL PRACTICE,326 NICHOLS ROAD,FITCHBURG,MA,14205478,9788788100
6d3e0faa-9180-3ccf-ad0e-35edb9d032ed,a14e698d-a9ba-3eae-9c8b-682ec726433d,Leticia253 Dueñas839,F,GENERAL PRACTICE,776 WESTERN AVE,LYNN,MA,19052408,6178939901
d5661d1d-55ae-3aff-859a-6059a326d25a,dd9914b0-9491-3330-a890-d34e95e497ea,Assunta351 Haley279,F,GENERAL PRACTICE,1061 PLEASANT ST,NEW BEDFORD,MA,27406728,5089968572
27aa2f15-f261-3b7b-a339-9f153f1b6321,4c1a8ea6-b690-3c28-a02e-ebd82190ee65,Marcos263 Cronin387,M,GENERAL PRACTICE,885 WASHINGTON ST,BOSTON,MA,21111415,6174827555
4ada9b42-2a8b-3814-b42d-fd6b8f5aa028,5ba6765a-f335-36b0-9c6a-6bb494c5330d,Clemente531 Schamberger479,M,GENERAL PRACTICE,31 OLD ROUTE 7,WESTWOOD,MA,20902333,2038850808
2fb3850d-e660-3483-86b3-aebc3e39ac87,d613e441-68e8-3502-8adb-3f770a1276bf,Emmaline88 Witting912,F,GENERAL PRACTICE,114 WATER ST,MILFORD,MA,17573007,5084782008
ae1230b5-7fb7-3a92-bf65-7f3d1e9dd01a,ea153d0a-9ccc-3769-9a25-934b417071b7,Adam631 Towne435,M,GENERAL PRACTICE,463 WORCESTER RD,FRAMINGHAM,MA,17015354,5082150015
bcaa4cdb-25dc-3138-99e9-390620d681ea,d3085315-9893-34c7-8889-3a31dc17c2b0,Zachery872 Rau926,M,GENERAL PRACTICE,1428 MAIN ST STE 7,WALPOLE,MA,20811729,5086686600
0833dda5-021c-38c3-9ed4-2301815dd416,1faab3d1-2ae5-3110-8e5f-c65b92ca906d,Terri848 Ankunding277,F,GENERAL PRACTICE,29 LEWIS AVE,GREAT BARRINGTON,MA,12301713,4135280790
510baa50-6b2a-34f4-b51f-7bef7353ffca,76281d34-caff-30e0-8545-bcdf33182109,Jane262 Schmeler639,F,GENERAL PRACTICE,500 WILBUR AVENUE,SOMERSET,MA,27252051,5086757589
81036aa3-01fb-3703-99c1-423bee7274c7,4633340c-c833-30a3-ab0e-f5cfa5fda28b,Lincoln623 Trantow673,M,GENERAL PRACTICE,250 GREEN ST,GARDNER,MA,14401377,9786304455
fbf08267-b083-31c4-9445-75a62832e031,b3ada130-6443-3a8e-98c7-4ec127a2b0c4,Ned189 Haley279,M,GENERAL PRACTICE,ONE GREAT ROAD,ACTON,MA,17205601,9782639101
cb4548d2-b232-38bf-b5da-072150d350ce,7489f6e0-fee6-3fff-90b6-444868eb907c,Mariette443 Rau926,F,GENERAL PRACTICE,1 KIDDIE DRIVE  SUITE 106,AVON,MA,23221182,7813440344
735c7197-6193-3cfb-a117-f82ef5f7cc38,e6c2cb55-ff8b-34be-bf04-bcc49ea71557,Euna523 Welch179,F,GENERAL PRACTICE,217 LINCOLN ST,WINTHROP,MA,21523034,6178467676
07c84882-a72d-3117-9638-84f0a9107bf9,545dcda5-7471-374e-9251-b4b685197d3c,Lezlie553 Koss676,F,GENERAL PRACTICE,175 CONNORS STREET,GARDNER,MA,14402637,9784106100
2d10278f-085a-3f7c-ac44-44b0f0fdc482,1e11392b-1278-3e70-93cd-f396cbd0c265,Gino587 Block661,M,GENERAL PRACTICE,115 LINCOLN ST,NATICK,MA,17607700,5086507000
90b55225-ced3-314a-9ef1-4e39a3f2e8a3,6cf8a214-8d57-3267-85e5-7719e15cd63e,Cindie288 Zulauf375,F,GENERAL PRACTICE,170 MORTON STREET,JAMAICA PLAIN,MA,21303735,6175228110
09eff00e-4fc6-321b-a838-54ddadfbd09a,13161e5b-02d2-3d19-8b48-26ef0becfc83,Erasmo545 Crooks415,M,GENERAL PRACTICE,165 CAPTAIN'S ROW,CHELSEA,MA,21504019,6178870001
b545c440-982f-3e31-8b0d-45bfeeaa8231,0fedae9f-701f-3317-9b2f-69aea2202cdc,Sharron285 Batz141,F,GENERAL PRACTICE,88 EAST NEWTON STREET,WINTHROP,MA,21522715,6176388000
1fd84def-ba03-33b3-b945-1e969d9bd01f,733fc7d0-7cf3-3995-82ef-a9883b807273,Daryl568 Yundt842,M,GENERAL PRACTICE,175 FRANKLIN STREET,NORTH ADAMS,MA,12472712,4136644041
797c72ce-6b8c-3ddb-b005-0cb8742d483f,86bbc3aa-e927-3d56-9d77-ab701b4b2926,Cristian531 Rojas511,M,GENERAL PRACTICE,538 ROBESON STREET,FALL RIVER,MA,27205496,5086796172
49169427-7305-3143-a653-ce0b8f2b8f63,9ab139f5-d278-31b4-b44e-feffdea65613,Shayla126 White193,F,GENERAL PRACTICE,88 ROUTE 6A 101,SANDWICH,MA,25631866,5088882932
e583b97a-a1da-3cc2-b173-557eb3c58916,0b5f4cda-f9ae-36a8-a94c-ffbf56f45236,Ardath226 Hodkiewicz467,F,GENERAL PRACTICE,210 MARKET ST,NORTH ANDOVER,MA,18451656,7815982454
af771930-78ed-3a1d-8919-7d7d65794d15,aade280a-3b90-3e48-9648-91109a964a63,Josef103 Klein929,M,GENERAL PRACTICE,909 SUMNER ST,DARTMOUTH,MA,27473826,5089715190
0cd0e3b9-38b1-321f-92de-87adf131e8c9,6adc9d34-9b73-3285-abb7-56e567f1ba26,Keven605 Wunsch504,M,GENERAL PRACTICE,271 NAHANT RD,NAHANT,MA,19081341,7815810420
2ba63e7a-f702-3a86-8420-8f779be328fb,96e9e829-0b71-3ad3-8b41-60e25b5d47d7,Doyle959 Crooks415,M,GENERAL PRACTICE,111 ORIENT AVE,EAST BOSTON,MA,21281006,6175692100
5b3b0217-469b-32a2-be91-75562113cc69,e59fb2d5-508c-38c6-af2e-21d8216dd2b0,Logan497 Fisher429,M,GENERAL PRACTICE,759 CHESTNUT ST,WARE,MA,10821625,4137940000
dd2cafd9-67b0-3c5a-90cf-907aac48ab89,1e8b3677-a601-3afa-8a48-a978d873c271,Clementine778 Jakubowski832,F,GENERAL PRACTICE,444 HARRISON AVE,BOSTON,MA,21182404,8576541850
d25385f2-d8f0-329e-8b69-ac1cab0468c5,7a3b8310-02eb-3c47-aa1b-3f55b3ed9de9,Leif534 Dare640,M,GENERAL PRACTICE,6 HATFIELD ST,NORTHAMPTON,MA,10602545,4135847425
e9bd5b21-d78b-30ff-a95a-077697748b5f,84de2bcf-1b1a-3ce2-9f6d-9e0cb34991f6,Victoria535 Altamirano540,F,GENERAL PRACTICE,45 DAN RD,WELLESLEY,MA,24813503,7818672050
eb2da544-c6c9-3041-8eff-9d2b1c2034fa,794b1cc2-97be-30a4-83a0-4bf6add43c74,Hugo693 Gutmann970,M,GENERAL PRACTICE,215 THATCHER STREET,BROCKTON,MA,23023949,5085835834
af3f2093-a729-39da-a85a-f05f235a5a89,440fa4b8-c731-3cf5-81d9-aa3f30a37b95,Joanna347 Abbott774,F,GENERAL PRACTICE,41 & 45 MALL ROAD,PEABODY,MA,19602901,7817445100
f4cd3ddf-2a22-3c51-a16a-791b3869f541,a1434ca1-a1ac-3884-abc7-fc4c35cc8b68,Guillermo498 Dietrich576,M,GENERAL PRACTICE,390 ORLEANS ROAD,NORTH CHATHAM,MA,26501154,5089454611
1678869c-a585-35f5-afb7-2960b8dd53cc,0fab3c4e-a028-39a6-b15a-be5a88b6aa2a,Miyoko154 Paucek755,F,GENERAL PRACTICE,222 STATE STREET,LUDLOW,MA,10563437,4135897581
08500f33-3153-30a8-a191-834a328ebbb0,b0016371-afcb-37a6-8f90-5e3786e7806f,Shella455 Toy286,F,GENERAL PRACTICE,629 SALISBURY ST,WORCESTER,MA,16091120,5087988653
10c340ad-868e-3a49-90c6-2ac9c374bcc6,3b021cb6-4745-3d9d-8436-230055f770bd,Eleni953 Franecki195,F,GENERAL PRACTICE,148 CHESTNUT ST,NEEDHAM,MA,24943238,7814533000
50415b71-b107-3c42-ab8c-b4166435e525,ce53c877-0290-390a-b4b4-2462001a1713,Anabel269 Hilll811,F,GENERAL PRACTICE,847 ROGERS STREET  SUITE 201,LOWELL,MA,18524345,9784599343
2ca80545-6332-368a-ab9b-2edb81bad443,57e4e5fa-d68d-3caa-a5ad-37beb1b51207,Latrina689 White193,F,GENERAL PRACTICE,800 WASHINGTON ST,NORWOOD,MA,20623487,7812784120
8e6066ec-ff66-3e37-a893-a9eb6283cd32,b8421363-9807-3b16-a146-95336eea5cfb,Catalina187 Covarrubias273,F,GENERAL PRACTICE,30 LOCUST ST,NORTHAMPTON,MA,10602052,4135822000
0a79e2be-cb7f-3496-a716-619738051939,8424b5ec-ba0a-32e9-94ae-a9d397884093,Booker670 Casper496,M,GENERAL PRACTICE,49 BLANCHARD STREET  SUITE 101,LAWRENCE,MA,18431456,9782588479
876aebb8-75fd-3a93-8a83-d6bc5b192b2c,37111f41-8bc5-35d3-9cd9-5b447a11ffd1,Derek111 Greenholt190,M,GENERAL PRACTICE,TEN INGALLS COURT,METHUEN,MA,18443712,9786827611
eb2576e9-4ea5-3edc-b559-be7f87420a3e,945104f1-4b95-3eed-bd02-5efa0afbf34d,Randolph418 Keebler762,M,GENERAL PRACTICE,20 CENTRAL AVE # 506,LYNN,MA,19011201,8572054114
701c457a-0404-337e-9b36-0464ae58c9e2,3076e02a-deac-3e81-96a9-1d32cbda6fca,Cecil300 Kilback373,M,GENERAL PRACTICE,59 EASTWOOD CIRCLE,GARDNER,MA,14403901,9786328776
5d71b845-7964-3a84-8440-19a2d2004e2e,0e308e66-ba25-3b1d-86ef-937d6f5821a8,Lane844 Walsh511,M,GENERAL PRACTICE,16 CITY HALL SQ,NORTH ANDOVER,MA,18451656,7815982454
1ec9e4c7-e0ba-3115-9d59-452c9843375f,6170552c-4d27-3e64-8068-64a380f1837d,Leo278 Pacocha935,M,GENERAL PRACTICE,76 SUMMER ST,HAVERHILL,MA,18305814,6158616000
9a46bf8a-7b81-3a8f-b5b3-133c796bb9d9,e6cc6043-299a-3581-8f6b-b3b5d62c46ae,Fritz267 Farrell962,M,GENERAL PRACTICE,532 SUMNER AVE,SPRINGFIELD,MA,11082458,4137391100
0e4e99fd-d429-3532-a7c6-0291b56a3b8c,38508743-50d1-3429-8fe2-37e42ddaf20e,Marth98 Mayer370,F,GENERAL PRACTICE,164 HIGH ST,GREENFIELD,MA,13012778,4137730211
42478b5d-bde4-3a65-99f9-f839bde57cab,e1818b21-4458-3b9c-b2b8-7ed6f57ae078,Tamisha203 Wilderman619,F,GENERAL PRACTICE,2399 BOSTON ROAD,WILBRAHAM,MA,10951185,4135963111
210bf777-a70e-31d9-b9c0-19dc15f46f2d,328f813e-4de8-3ec2-a113-43f3ddfb0b2a,Victoria535 Roob72,F,GENERAL PRACTICE,30-40 WESTPARK STREET,BROCKTON,MA,23015241,8574539843
11298fa7-0a0d-3db0-91a4-20a52b04a99c,dd3307db-114c-3f11-be44-a9eef6bb3fc5,Francis500 Ratke343,M,GENERAL PRACTICE,269 UNION STREET,LYNN,MA,19011201,7815962502
061e3375-9223-3faf-b2f4-f081e7129995,1d87bbfa-19aa-3128-adca-420ff8d5a12a,Leanora120 Pacocha935,F,GENERAL PRACTICE,771 CHURCH ST,NORTH ADAMS,MA,12474109,4136649382
c6a3e340-f1ca-30bd-9068-903219d6073d,9b1f8cd0-2246-3f4f-82df-23ea314c7665,Claudio955 Bruen238,M,GENERAL PRACTICE,800 ESSEX ST,LAWRENCE,MA,18414617,7818262393
aa82ba8d-a0d6-3abd-a857-4de3fd3e242f,15d4c950-4691-3996-b4c4-bf06bfb58ff7,Azucena377 Crona259,F,GENERAL PRACTICE,70 EAST ST,METHUEN,MA,18445883,9786870151
f4a91c7e-2327-3208-bd06-dc7cf20ba346,0caa0116-ef9a-3d4c-bcff-9c405a9d2bda,Yasmin241 Emard19,F,GENERAL PRACTICE,105 CHESTNUT ST STE 35,PLYMOUTH,MA,23604054,5085633003
ce71412c-07dc-3470-91de-5646ff90cae7,d140ed3f-2696-3e78-bd77-1c959ec4fc4d,Orpha286 Marks830,F,GENERAL PRACTICE,863 HATHAWAY ROAD,NEW BEDFORD,MA,27401916,5089966763
a718bab8-1947-3bf9-8f81-41d914da8379,1cff30ba-b91f-3ea2-b80b-770d67856358,Annamae625 Halvorson124,F,GENERAL PRACTICE,359 JONES RD,FALMOUTH,MA,25403341,7743450220
929b8610-ff5f-31f8-adee-51b6a466b2c3,d4e48a16-0a60-3e90-81e5-c35b22ffe6af,Elmer371 Kutch271,F,GENERAL PRACTICE,856 STATE RD,NORTH ADAMS,MA,12473027,6035264635
2a02757f-c6c1-31f8-b8cb-302603b1783a,4ff8b164-4cf5-3ab4-b0f2-7ce8fda920e5,Theo630 Mante251,M,GENERAL PRACTICE,800 WASHINGTON ST,WORCESTER,MA,16550002,6176365000
31c54068-875c-3cbf-9988-7a863ce2aa5f,bccd7d67-203c-3d93-b6b0-bff5a146cd1d,Florencia449 Araña824,F,GENERAL PRACTICE,286 WASHINGTON ST,STOUGHTON,MA,20721763,7813412800
6b8e3ad5-f391-313a-8095-c32e199143d1,07baae96-3d74-3c69-a845-dad7b792eb52,Augustine565 Brekke496,M,GENERAL PRACTICE,42 ASBURY ST,SOUTH HAMILTON,MA,19821808,9784684101
a4282d44-7672-3d81-9efa-f8d80f658703,263d1b03-1560-3fc3-b93d-c33a0cbd5837,Nam74 Treutel973,F,GENERAL PRACTICE,10 RIVERSIDE DRIVE  STE 201,LAKEVILLE,MA,23471689,5082910049
8b8470e1-5e96-38bb-b375-7bc05ac815fe,4e880cb9-1ca0-3582-b8cf-8a59b0d2b878,Mao115 Bednar518,F,GENERAL PRACTICE,51 S CHURCH ST,PITTSFIELD,MA,12016178,4137688217
8749c6e4-1cd4-372b-81cb-22c9f23c42bd,a2a41caf-758f-3962-8e5f-e6e603f93d17,Noelle559 Padberg411,F,GENERAL PRACTICE,111 HUNTOON MEMORIAL HWY,ROCHDALE,MA,15421305,5088926000
098b4a3a-c6f9-3edc-b61c-50b298032311,844a8cb2-4164-35b2-88b8-dffa2889a738,Shemeka786 Conn188,F,GENERAL PRACTICE,150 UNIVERSITY DRIVE,AMHERST,MA,10022232,4132568185
44a60214-8d03-32e0-ae6e-2f252d39fedc,a6fb79e7-4abb-3a68-b62d-e501427fdca4,Ricky354 Renner328,M,GENERAL PRACTICE,489 WASHINGTON ST STE 202,AUBURN,MA,15015709,5087969211
76f95a63-3dbd-33a1-9290-7cce2874e3b7,fcad54de-c1cb-3039-8e22-1d2d28134044,Ardella559 Lesch175,F,GENERAL PRACTICE,70 EAST ST,METHUEN,MA,18444597,9786870151
ee20ae1c-96e8-35ce-8f52-ddd7cb245ec5,9d0e702d-50a0-3f4c-9126-0951d560fd4b,Hellen346 Roberts511,F,GENERAL PRACTICE,189 MAY ST,WORCESTER,MA,16024339,5087916351
2999d44d-dc5d-3280-877a-dea6b3b57678,81b1ef2b-8d3c-3923-859d-ae56099e037a,Maryrose226 Bradtke547,F,GENERAL PRACTICE,19 VARNUM STREET,LOWELL,MA,18502132,9784545644
e72a91ea-d1fe-335a-a4aa-dccfbcee238e,ea8d287f-b3a9-3800-8798-788e334ee406,Shirly501 Kuphal363,F,GENERAL PRACTICE,81 HIGHLAND AVE,SWAMPSCOTT,MA,19072928,9783542065
e43fd638-519a-38d4-8cb7-a7205165b662,c7542447-e06e-32cb-b6db-243c23a0dbc2,Chantell995 Krajcik437,F,GENERAL PRACTICE,30 WARREN ST,BOSTON,MA,21353602,6172543800
68387a05-bda6-32cc-93d0-7b340c94d4f1,8bf5325a-c11b-35c4-b07d-17a5aeba8353,Penni796 Okuneva707,F,GENERAL PRACTICE,815 WORCESTER STREET,SPRINGFIELD,MA,11511001,4132051229
64232b44-7af7-31a4-99f6-5782f1eb1efb,9d2a1656-0f4d-30d1-bc63-eb365a05529c,Felipe97 Ledesma253,M,GENERAL PRACTICE,235 N PEARL ST,BROCKTON,MA,23011794,5084272841
b9bbeca9-2431-3a70-96ca-cd946bcf84d2,aba3e6f6-4562-342e-b90f-dd61b117f394,Maryjane289 White193,F,GENERAL PRACTICE,438 CHESTNUT STREET,SPRINGFIELD,MA,11072008,4137811100
ef847b78-99f0-36f6-90cb-64a6f9d44155,9203d0d2-ca7d-3421-9361-974402ffb561,Tamera164 Shields502,F,GENERAL PRACTICE,58 OLD NORTH RD,WORTHINGTON,MA,10989708,4132385511
0127da05-ca19-3938-9518-e233c126ce6e,be509ccb-bfb7-3b87-8945-8426b689ef9d,Chong355 Balistreri607,F,GENERAL PRACTICE,2049 DORCHESTER AVENUE,BOSTON,MA,21244742,6178253905
71ad068f-3566-312a-b0ea-554c903d02a8,a06b1a97-d6ce-3ea1-ba4a-2ef85a8114ab,Wanda961 Goyette777,F,GENERAL PRACTICE,400 GROTON ROAD,AYER,MA,14321171,9787721704
6bbe0c4e-b363-335e-8615-ad3d49ea2ec8,6873525f-1680-3ceb-b536-270d44b46e2e,Lai148 Nicolas769,F,GENERAL PRACTICE,500 COLUMBIA RD,DORCHESTER,MA,21252322,6172878000
8b71cbf2-047d-39ad-9022-f69bd50ba311,6c7fe370-02c4-3537-8f5e-373b2168b933,Charlesetta336 Swift555,F,GENERAL PRACTICE,60 HOSPITAL ROAD,LEOMINSTER,MA,14533791,9783426013
0057b7b5-0ca8-3734-887e-f8fe733a45b0,3ff0f58b-7a1f-3334-9449-ff15f68b7d86,Crystle668 McCullough561,F,GENERAL PRACTICE,275 SANDWICH ST,PLYMOUTH,MA,23607761,5087462000
cc4dd911-e116-3473-a801-f5496d120e63,4e0ec952-dd08-359e-87af-b13809b955ac,Modesta635 Mills423,F,GENERAL PRACTICE,37 DERBY ST,QUINCY,MA,21697564,8572888508
040f5fe6-5960-311c-a721-231c48d7ef0c,171254da-957c-304a-b3fc-51a2d3ebee43,James276 Schmitt836,M,GENERAL PRACTICE,108 Merrimack St.,Haverhill,MA,1830,8008386331
9ed01a16-0c78-3a00-b778-6d3000227d63,8ddbad9e-b5fc-3895-8a1c-17f32197a865,Barrie587 Nicolas769,F,GENERAL PRACTICE,1455 MAIN STREET,CHATHAM,MA,26332083,5089454601
91e64a5e-c5ce-3e39-9785-6d12a5eadd73,7e8bd0f2-2746-355e-92ef-9473818c58a2,Suanne858 Okuneva707,F,GENERAL PRACTICE,90 SUTTON STREET  SUITE 3-4,NORTH ANDOVER,MA,18451655,9787255505
2d544144-8e76-3a61-af38-00e86e58640c,dd280187-8662-3732-af81-595d10572911,Mertie42 Lakin515,F,GENERAL PRACTICE,4499 ACUSHNET AVE,NEW BEDFORD,MA,27454707,5089956900
366e1049-479a-3c5e-b48b-62219435b8b9,004554b4-3068-3938-832d-fa7cbe1cd1fb,Luba688 Littel644,F,GENERAL PRACTICE,25 STONEHAVEN DRIVE,WEYMOUTH,MA,21903951,7816605000
ae59e6e0-31c7-3fbe-89bd-481208986a30,9d989fcf-4ad9-3972-ada3-f275d967781e,Dominic463 Miller503,M,GENERAL PRACTICE,100 TER HEUN DR,SANDWICH,MA,25632377,5084573528
e13e70d0-a159-312d-ad9f-ce3beb543573,af3871c3-2098-3051-bcb7-8a919e194a16,Stephane228 O'Conner199,F,GENERAL PRACTICE,97 LIBBEY PKWY,WEYMOUTH,MA,21893110,7818032786
5b187ed1-27b7-3f15-a061-a83ab39a14a3,a2cc09de-c1e2-3126-8c09-d49f95225281,Cristi782 Leannon79,F,GENERAL PRACTICE,300 LONGWOOD AVE,WALTHAM,MA,24532741,6173554831
3e11c659-0834-3c86-9ac6-2817bdb40c25,9f2f60a6-87a4-3f45-b753-b63b5b7e9993,Maricruz991 Considine820,F,GENERAL PRACTICE,332 HANOVER STREET,BOSTON,MA,21131901,6176438000
df16a039-78f0-3af7-a531-72d7b6b44e82,c5306a86-09a1-32d9-875a-67ef56e131c0,Earnest658 Gutkowski940,M,GENERAL PRACTICE,242 SUTTON ST,NORTH ANDOVER,MA,18451631,9786551987
c00b38cb-38d6-3825-95a5-a717738152ae,0d7ef8ee-4e45-3b40-9f2b-f558dce71574,Douglas31 Kuhlman484,M,GENERAL PRACTICE,200 BOYLSTON ST,CHESTNUT HILL,MA,24672008,6175298041
db048598-546d-327c-b07b-6f3b6cf7345f,0519b293-2e92-3eb3-aeef-233da0babc93,Juan88 Friesen796,M,GENERAL PRACTICE,40 PARKHURST ROAD,CHELMSFORD,MA,18241511,9782563151
f5389333-7d22-3d60-b5bf-79382610c490,4ffc4e4b-9d8d-3c30-ad84-fc9a7209da94,Madelyn308 Carter549,F,GENERAL PRACTICE,4525 ACUSHNET AVENUE,NEW BEDFORD,MA,27454727,5089987807
125082c7-cdfa-360f-a2e5-903e0f65dff0,ce4d0501-49eb-396a-bc56-545fdfc624b0,Mauricio81 Daniel959,M,GENERAL PRACTICE,1 HOSPITAL RD,OAK BLUFFS,MA,25571406,5086930410
29c7673f-fdf1-30cd-94c9-90ebed04cf16,e69e7cbb-8362-30d1-83f2-3a0c492fe2b1,Isaac321 Kub800,M,GENERAL PRACTICE,110 LONG POND RD,PLYMOUTH,MA,23602642,5087467272
b0f932da-04c1-3d3c-9300-16568bad9a98,06cc2462-430f-3322-9c87-7e971125f510,Bryon392 Mann644,M,GENERAL PRACTICE,133 OLD ROAD TO 9 ACRE COR,WESTFORD,MA,18863198,9782873226
831005b1-b8e0-32c4-8abd-622252d5feaf,8e1aab52-fc16-3b51-ac7b-30379ebf5630,Sommer719 Durgan499,F,GENERAL PRACTICE,168 INDUSTRIAL DR,NORTHAMPTON,MA,10602379,4135841060
786fec18-cb31-330e-94aa-65bffc479b19,79508e39-d0b0-3613-9d54-168f6e1c3a18,Antonette454 Tromp100,F,GENERAL PRACTICE,200 GROTON ROAD,GROTON,MA,14502056,9787849000
5ad1986b-0b93-3e8d-8cf5-e8b14ad02001,1ce0d1a3-b507-3ad1-afc5-b25bfe48b8dc,Dovie983 Welch179,F,GENERAL PRACTICE,10 PEARL STREET,STOUGHTON,MA,20722364,7813447011
40c1a919-8116-312d-87ae-8b2d5ff2406f,17512c83-b259-3632-964e-7fa864c557fd,Orval846 Hyatt152,M,GENERAL PRACTICE,329 CONWAY ST,GREENFIELD,MA,13011522,4137742400
8ad885e4-2673-3483-a344-80aeae09e61a,65cf1d58-590c-3fc8-b68b-f429129a0f79,Josef103 Miller503,M,GENERAL PRACTICE,241 WINTER ST,HAVERHILL,MA,18314835,8003311044
d1d0d0bf-7ccb-3c12-89ee-5522f0ed62e0,880fad59-9c38-3a21-a39f-ccc801502ab3,Halina47 Pollich983,F,GENERAL PRACTICE,799 CONCORD AVENUE,CAMBRIDGE,MA,21381048,6178682200
197a8b7f-6b2e-37f5-b14b-0a363bfaca1e,34f7bdc0-0550-333e-a53f-5e2af5a6d4ec,Mable471 Kreiger457,F,GENERAL PRACTICE,212 S MEADOW RD UNIT 5C,PLYMOUTH,MA,23605450,7742834005
532c65b0-7a6a-3331-a46e-a06980953f1e,a2d45ee8-b930-3169-b612-f602961ad212,Florance664 Leannon79,F,GENERAL PRACTICE,37 MINUTEMAN WAY,SHREWSBURY,MA,15452229,6176509959
75e0ea4e-8843-3ae2-8f22-2756e1dd464f,4887dc20-9ef6-3cc2-9c56-858388049a50,Renato359 Kertzmann286,M,GENERAL PRACTICE,168 WEST CENTRAL STREET,NATICK,MA,17604122,5086551000
b3c4621c-cc11-34a7-b98c-2a51d9bd3efc,10ffe7b1-2f94-3f12-9288-679da05a1ec9,Brendan864 Hintz995,M,GENERAL PRACTICE,133 LITTLETON RD,WESTFORD,MA,1886,9785771946
b6ec4eec-4d12-3393-8925-8abf3fc78f8f,2b97893e-dc50-378b-a266-f089b8450329,Gary33 Torphy630,M,GENERAL PRACTICE,250 MOUNT VERNON ST,DORCHESTER,MA,21253120,6172881140
412313d2-c80e-3bc1-9303-b831b9d91a76,d0894f6b-78d7-338d-82ad-b63de4d40014,Lynsey2 Lemke654,F,GENERAL PRACTICE,330 MOUNT AUBURN STREET,WALTHAM,MA,2452,6174923500
32e80ba7-248d-3e6c-87fd-ced2b4557b0d,310d02fb-ba0c-3b5a-9ab3-8d7bb8e7b661,Felica690 Farrell962,F,GENERAL PRACTICE,709 WASHINGTON STREET,CANTON,MA,2021,7818285351
e214b18e-a082-3efa-bea0-96c69a9e0b78,3d5fbf38-c781-3e04-8c7e-5a402611b7d4,Enriqueta274 Barton704,F,GENERAL PRACTICE,260 ELM ST,SOMERVILLE,MA,21442951,6176669577
52e6d8aa-e055-3b8d-80d0-5bdccc8cb7be,f43f97f2-af04-3ed0-a42e-3681718cc9b2,Jacques50 Quigley282,M,GENERAL PRACTICE,725 NORTH ST,PITTSFIELD,MA,12014109,4134472000
b0454628-34a3-386a-9151-3e1705bb927f,e119dcbb-0c33-3ec1-bf97-5f477799e5cb,Juana825 Domínquez36,F,GENERAL PRACTICE,312 MILLBURY AVENUE,MILLBURY,MA,15273622,5087930088
c6bcfc66-43a1-3529-861b-a136e3d0700c,2f67494e-f17e-3248-ba68-3ca42913cca1,Brock407 Bergstrom287,M,GENERAL PRACTICE,184 MAIN STREET,FAIRHAVEN,MA,27193259,5089973193
9156b28d-91bf-3e69-896d-d7fb248028c0,52efa2e5-007f-3396-a83a-28ca015f0595,Ranee391 Turner526,F,GENERAL PRACTICE,20 N PARK AVE STE 2200A,PLYMOUTH,MA,23604090,5088300999
db2c97ff-34a8-3583-9dfb-886c646aa7f1,fd938c9f-a355-3ec7-96f8-516240ea1ba2,Kandi717 Beahan375,F,GENERAL PRACTICE,529 MAIN ST STE 126,PLYMOUTH,MA,23604842,6176172424
57df066c-69f5-302f-ab76-a57cde038287,2c2e6afc-9578-3ba5-bb12-eed97d3a823b,Sunni15 Schroeder447,F,GENERAL PRACTICE,405 RIVER ST,MATTAPAN,MA,21262210,6172965585
fc471e2e-14c6-36fb-9b0d-d9535726df2d,8395b012-c9c6-3b96-a7f9-edd24c9a3006,Raymundo71 Crona259,M,GENERAL PRACTICE,123 SOUTH STREET,PLYMOUTH,MA,23602945,5087464343
47d07613-6253-3179-863d-ea0c1076240b,f438b8e0-d856-328a-b193-2b014fc4cb97,Alejandra902 Ontiveros947,F,GENERAL PRACTICE,981 VARNUM AVENUE,LOWELL,MA,18541913,9784545681
258cdf0d-192c-30bd-a1b6-685452ee39cb,936ceb96-2b12-371f-aa68-ee02a9c06f4c,Eddie505 Keeling57,F,GENERAL PRACTICE,225 BOSTON ST,LYNN,MA,19043124,7815959581
7e2be0e4-fa0d-3aed-a529-2527b74410c1,51759ecf-0948-3f61-b8fc-09dd8f2b90a1,Hazel720 Schultz619,F,GENERAL PRACTICE,CHRISTIAN HILL ROAD,GREAT BARRINGTON,MA,12301108,4135284560
8c277939-8196-30fb-b952-f90ae3f8b4c5,a855314b-4fb5-37fc-8015-5caa96c928b1,Terrence276 Kiehn525,M,GENERAL PRACTICE,759 CHESTNUT ST,SPRINGFIELD,MA,11991001,4137940000
6706fa4d-996e-3859-bd05-11827d7a3313,48a6d3ab-50ef-349e-8945-2558a78f378e,Junior695 Kuhlman484,M,GENERAL PRACTICE,795 MIDDLE ST,SWANSEA,MA,27774114,5086745600
38726b0d-18f6-3344-92f6-c80895c10d0d,0a8a4b11-d0b8-3cd2-92cd-983de5189cfa,Del587 Nicolas769,M,GENERAL PRACTICE,111 BIRCH STREET,LYNN,MA,19021574,7815929667
5ed593e7-7442-383d-b07d-2605c2ff4fcb,cabc0f0d-dcca-34a2-bc6b-519ed1cc7f74,Elicia233 Huels583,F,GENERAL PRACTICE,191 MERRIMACK ST STE 712,HAVERHILL,MA,18306199,9788914928
81c33543-ac40-32a6-be52-0e743346ac03,7b7ce654-a413-37d1-9d34-97240c0ac580,Landon622 Kihn564,M,GENERAL PRACTICE,1 WRENTHAM ST,BELLINGHAM,MA,20192532,5083184466
f7624541-62f7-3f92-b229-e931fdc3e8c1,f3740f1e-3176-3f58-ba4a-f95d8f5b9263,Kendra609 Schneider199,F,GENERAL PRACTICE,75 KNEELAND ST,BOSTON,MA,21111901,6174578140
d02b6c51-eadd-3f35-b91f-e4a4e9af23b8,95b01a7c-e16a-37d4-b354-c404baa00203,Saturnina961 Gibson10,F,GENERAL PRACTICE,290 SOUTH STREET,PITTSFIELD,MA,12016824,4134454056
49f41147-32bb-3ad9-a9e6-ebdabc3b2b60,f1c6e386-ed52-3f97-a2b0-4e21ad2d0966,Frederick289 Bins636,M,GENERAL PRACTICE,54 COURT ST,TAUNTON,MA,27803201,5088212500
b78c37a8-7d85-3b33-8a25-eef606bbe671,7b20d1c4-c56b-3647-801c-5e4e13679073,Mozell819 Prohaska837,F,GENERAL PRACTICE,275 SANDWICH ST,PLYMOUTH,MA,23602183,5087462000
f7ca215a-318f-3630-bc2f-cd07a4c54402,46daa26f-fda5-38a9-9c45-fda430d28fa6,Caryl47 Bernier607,F,GENERAL PRACTICE,25 RAILROAD SQUARE  SUITE 501,HAVERHILL,MA,18325721,9789127842
d48269d2-1a91-3c95-a8e2-77530a24c87f,c0132cf6-1703-3aad-89b4-cc2f2bbc123e,Neville893 Schoen8,M,GENERAL PRACTICE,66 NEWTON STREET,WALTHAM,MA,24536058,7818930240
9b7588b0-ae73-3e10-9ea4-6a6013c14e63,4f59f709-8b84-3d27-a04b-c6b7b5544413,Natividad796 Davis923,F,GENERAL PRACTICE,70 BOLTWOOD WALK,AMHERST,MA,10022271,4132385511
8e60033a-f09a-3e18-b6ef-8f56565d5a3a,36d328a2-68bb-3967-a9bf-00897a7c945f,Lynn917 Rodriguez71,M,GENERAL PRACTICE,299 WAREHAM STREET,MIDDLEBORO,MA,23462905,5089471184
3a22ca6c-8cd1-3256-97bb-a1db22aaa883,5225cc87-6a30-303c-a882-5f001cee7f0e,Denis399 Boyer713,M,GENERAL PRACTICE,110 W SQUANTUM ST,QUINCY,MA,21712122,6173763030
41769bef-5163-340e-b015-94df488785b2,552ede7f-2ba4-39ef-9217-29d27b89b8a7,Gordon377 Reichert620,M,GENERAL PRACTICE,87 SHATTUCK STREET,HAVERHILL,MA,18302319,9783721081
5ed62157-06dd-34a1-a9d5-5e7561c648d3,a079d416-e8fe-3286-8ef3-6d289d7b5ad9,Nan75 Collins926,F,GENERAL PRACTICE,233 Stevens St,Hyannis,MA,2601,5087713190
fdd2467c-723f-301b-8b30-519794936c1c,79d49935-bcc0-36ca-920b-45365c367438,Sherita708 Hudson301,F,GENERAL PRACTICE,409 W BROADWAY,SOUTH BOSTON,MA,21272245,6172697500
dcb9d2a1-4c19-3359-a3d9-74849d142f76,0f2c58ec-5323-3c0f-9bdf-af0df7eb2a2b,Mana631 Boehm581,F,GENERAL PRACTICE,130 DORCHESTER STREET,SOUTH BOSTON,MA,21272642,6172683333
26e44fda-956f-3d8d-a695-bbb35e8bfad5,cc400ddc-c38d-3604-8d89-cea21555719f,Fritz267 Kirlin939,M,GENERAL PRACTICE,87 CHESTNUT ST,NATICK,MA,17603644,7814445515
039b5654-dfa1-321f-9e7e-0e45e8442366,362cc3af-dcb0-31d0-a2be-a5ba9d016aeb,Muriel394 Tromp100,F,GENERAL PRACTICE,629 SALISBURY ST,WORCESTER,MA,16091121,5087988653
8b998d6b-666d-3977-a911-b0d92bb239b2,06376cbe-4880-384b-b459-7ce3eef36ced,Cody889 Ratke343,F,GENERAL PRACTICE,387 QUARRY ST,FALL RIVER,MA,27231026,5086798111
14c07800-2404-3d61-83e3-4ad47efe7864,b3312a2d-37e9-35a8-b50d-6c165c437baa,Lorretta561 Reinger292,F,GENERAL PRACTICE,45 DIMOCK ST,ROXBURY,MA,21191029,6174428800
75553e9b-2967-3bac-b26e-87cbb789b360,2836d9ac-c6a6-39d1-8f13-fdf0fc8928f4,Carlton317 Koch169,M,GENERAL PRACTICE,365 EAST ST,TEWKSBURY,MA,18761950,9788517321
b57bd8c9-f728-34ec-933d-0be884a218e3,a2f8d8fe-665e-390f-8b9b-efdc0b14a77c,Pearlene638 Towne435,F,GENERAL PRACTICE,161 JACKSON ST,LOWELL,MA,18522103,9783228590
636eba31-be87-32e3-98d1-dff294d7177d,7dddc0c2-9f1d-3e4e-b2f2-fc7e6abbed31,Bryan958 Gibson10,M,GENERAL PRACTICE,160 MERRIMACK STREET  SUITE 1,METHUEN,MA,18446117,9786577444
337b9e57-a9f6-3cef-95c2-d3eb01b8dd26,82c72223-f521-3a34-9b9b-4ff366365399,Shon148 Reinger292,M,GENERAL PRACTICE,2100 DORCHESTER AVENUE,QUINCY,MA,21691870,6175062000
f21500ed-9e7b-307b-8cc1-da178295200a,b5e6f1bd-c744-3556-9775-5ff8399eea33,Whitney250 Wiza601,M,GENERAL PRACTICE,2284 MAIN ST,CONCORD,MA,17423829,9783695575
4853ffbe-f236-3bbd-90a6-3ad7301eed1f,04b252db-4231-3cb5-963d-6f096fb4b97c,Lorie307 Grady603,F,GENERAL PRACTICE,1177 PROVIDENCE HIGHWAY,NORWOOD,MA,20625019,7813291400
eaaea95f-b59a-3a13-b0c0-f45136a8ff9b,4bde4cbc-55f7-3501-90eb-2c88178c7be1,Mireya881 Nikolaus26,F,GENERAL PRACTICE,50 MEMORIAL DR,LEOMINSTER,MA,14532238,9788400055
cae35a32-36ab-3135-bd5c-0355fc32884b,e2eab39c-5195-34aa-b35f-e89e37cfed01,Miguel815 Roberts511,M,GENERAL PRACTICE,55 FOGG ROAD,WEYMOUTH,MA,21893141,7813408000
df810e5c-a546-3375-9a28-9893349311ab,b411fd60-9bd5-30f1-99b4-c24a409964a1,Ramón841 Noriega353,M,GENERAL PRACTICE,42 ASBURY ST,SOUTH HAMILTON,MA,19821808,9784684101
f4291447-b04d-3cc7-aa6b-b890f329be86,1de7e7d9-9a7a-3a3f-bf4c-b4de450711f2,Clelia416 Morissette863,F,GENERAL PRACTICE,198 LITTLETON RD,WESTFORD,MA,18863429,9783230302
90c8a3d9-c938-33d4-b345-440af32e5aa5,940d491c-ad61-3bd3-9054-d6d884280934,Petrina721 Huels583,F,GENERAL PRACTICE,321 CENTRE STREET,DORCHESTER,MA,21221112,6178256320
b0bd8e23-dd70-3215-be0d-85a7fd2a0ef7,f52777bd-7313-3b27-8dd5-cd3f87bd3275,Larraine124 Torphy630,F,GENERAL PRACTICE,9 HOPE AVE,WESTWOOD,MA,20902914,7815476030
5bac739b-ae9c-3fe0-8d88-7e67f2c06a39,497f39dd-280e-3d58-af5b-c5e3a3a09b10,Randy380 Bergstrom287,F,GENERAL PRACTICE,27 PARK ST,HYANNIS,MA,26015230,5087711800
4f79b21a-9f52-39ea-bc15-6e29d87f5289,0d7fd824-1c7b-3f8b-a662-f6c2005e82e1,Arminda86 Trantow673,F,GENERAL PRACTICE,88 MASONIC HOME ROAD,CHARLTON,MA,15071394,5082487344
681e1e87-39fd-370e-a287-7c238109f440,08d21a25-abf3-32b9-817b-471143b59289,Fredrick998 Hilpert278,M,GENERAL PRACTICE,3352 BROTHERS PL SE,CHELSEA,MA,21502309,3018060891
60efdc02-2b68-36a6-a9c8-3aa2f05911b7,a2df2aea-9c53-31f4-baea-02ea5ea1e553,Almeta56 Lehner980,F,GENERAL PRACTICE,95 LAUREL STREET,GREENFIELD,MA,13013106,4137743143
a98bd033-1be5-3c3b-b98f-d1f5c465a04e,390a2aa4-70b4-3a64-a12f-9bd777834c8d,Evangeline16 Howe413,F,GENERAL PRACTICE,710 MAIN STREET,HARWICH PORT,MA,26461931,5084321400
80bc8ce8-1ffe-3f9b-a511-c29925106101,18a96051-91f4-3cba-af96-056ea14dfee0,Gaston250 Grimes165,M,GENERAL PRACTICE,25 HIGHLAND AVENUE,NEWBURYPORT,MA,19503872,9784631056
8e154ba9-b82a-341e-9fd0-d766d56ea1ee,1ab2b5f9-cb95-3236-beec-9b9d4a407c61,Carroll471 Eichmann909,M,GENERAL PRACTICE,725 NORTH ST,PITTSFIELD,MA,12014109,4134472000
9d9b6a11-800b-32d9-ac45-1e53d3a673c7,07ae483b-b351-3add-8b05-afba832b88ea,Harold594 Murray856,M,GENERAL PRACTICE,5 REDLANDS ROAD,WEST ROXBURY,MA,21321506,6173276325
a64ba705-8788-3969-8aa6-a7a4a11d6080,aebbaa5c-2d54-3002-8042-83f6513ccbd2,Kellee902 Buckridge80,F,GENERAL PRACTICE,14 TOWNSIDE LN,WALPOLE,MA,20813541,5088890642
6e75ffd3-4969-3870-b9cd-1325a501eeb1,1bed5229-19d7-3168-94a2-f1f2abb00270,Nilsa143 Moore224,F,GENERAL PRACTICE,88 WASHINGTON ST,TAUNTON,MA,27802465,5088287881
05638bfe-b37a-3b71-b7e0-04dfd131899d,41e2a44c-477c-3511-96f9-12c476aa3b6a,Latoyia537 Lindgren255,F,GENERAL PRACTICE,85 E NEWTON ST,BOSTON,MA,21183553,6176268860
febb8a72-d886-3369-bac2-30741f800798,edbb9e9c-3440-3b38-abfc-83a8f0b6bebc,Malik994 Huels583,M,GENERAL PRACTICE,273 OAK GROVE AVE,FALL RIVER,MA,27232315,5086794866
b0e07705-9cc4-3c61-a3bb-4aad4834ef77,363631be-d437-3548-98c2-d10b909c1721,Monty345 Ferry570,M,GENERAL PRACTICE,50 MANSION DRIVE,ROWLEY,MA,19691026,9789482552
22beb8d5-9146-3427-acf1-f792290de782,c1986c0c-f756-3596-8f90-08adacf220fe,Dong972 Auer97,M,GENERAL PRACTICE,73 CHESTNUT STREET,SAUGUS,MA,19061605,7812338123
f97e5be4-da4c-3559-a014-797f21936ddf,18b1bb7e-2f93-3253-a7ae-d19c13ffeaa1,Patty600 Bashirian201,F,GENERAL PRACTICE,29 E 29TH ST,WEST NEWBURY,MA,19854201,2018587394
4f5abe97-db0e-3c7c-9b63-2e4534cbf9f6,67d2f85b-ddc7-3ed0-b90b-6fa5b7b8358a,Norah104 Jenkins714,F,GENERAL PRACTICE,43 FOUNDRY AVE,WALTHAM,MA,24538313,6177830500
a0285068-8b57-3ca8-a0db-a0f41fdb7e99,5e5f1707-d324-32e1-abf7-cbdd4b0f5fe1,Valentina258 Bahringer146,F,GENERAL PRACTICE,670 COUNTY ST,NEW BEDFORD,MA,27406719,5089942400
a62fd503-d9bd-34bc-99cd-16a6e6ad71d6,0d9b0d22-585e-3fd8-ab02-26b5be7915d1,Jean712 Koelpin146,F,GENERAL PRACTICE,516 CAREW ST,SPRINGFIELD,MA,11042330,4137872000
6a2ad688-53c1-31b9-97e5-d5b4f0824d59,0d1570ab-371c-3898-9397-95905d8c5166,Jose871 Dicki44,M,GENERAL PRACTICE,750 WASHINGTON ST,BOSTON,MA,21111552,6176365442
851c69ee-d7d2-3aab-bfd0-1dd7398e61d8,1853aeef-5897-326a-80d6-aa4b0459eb6d,Kendra609 Kassulke119,F,GENERAL PRACTICE,381 WICKENDEN ST,ATTLEBORO,MA,27032247,4014337550
ee28f3c2-e76a-33e5-90fb-c7b6ce907a97,f3030ee3-dfa5-3595-b684-9769e52a580a,Carter549 Torp761,M,GENERAL PRACTICE,88 MASONIC HOME ROAD  DAVENPORT BLDG  2ND FL,WEST SPRINGFIELD,MA,10891357,5087651515
c818142b-44f6-3677-a5b0-4d92b1e556e9,94dda4e1-7476-367a-b1f8-37ea7f61a1b7,Dylan44 Robel940,M,GENERAL PRACTICE,145 WARD HILL AVENUE,WESTBOROUGH,MA,15811017,9783728000
c3496162-3844-3b60-a8ef-41dd539e38bb,22fa6d28-92b6-3446-a388-f5aba50debaf,Lenard338 Robel940,M,GENERAL PRACTICE,123 CAPTAIN'S ROW,CHELSEA,MA,21504019,6178870826
36fd9c6b-3516-36c5-b2e7-53ffea626ea1,8a87ef73-eaa2-340a-bec5-c3cef01ef836,Kristle148 Rodriguez71,F,GENERAL PRACTICE,3 PARK DR,WESTFORD,MA,18863511,9783921144
9f3b75ca-643f-3816-8b52-f643e3b4f26b,2ca615f3-87f7-3283-a447-d919a883b676,Isaias604 Dickinson688,M,GENERAL PRACTICE,1399 WASHINGTON ST,HANOVER,MA,23391653,7818290895
d82c8936-57b7-3f20-86a9-efc617e2c6ff,7f32dd7d-5c35-3ddb-839b-8fbbb930d412,María Luisa888 Melgar516,F,GENERAL PRACTICE,863 CENTRAL STREET,FRAMINGHAM,MA,17014813,5088798000
84c9022a-784b-3020-886b-ad8a1bd8a841,51d38e67-9350-39b8-bbb3-91cc879ae415,Millie392 Hoppe518,F,GENERAL PRACTICE,335 NICHOLS ROAD,FITCHBURG,MA,14201932,9783434411
9cfb7199-048f-382e-ae74-ecbc8766e29f,80646050-1c76-3046-bbc8-fd5f0b7c34e6,Raleigh478 Hauck852,M,GENERAL PRACTICE,140 ARNHOW FARM ROAD,FITCHBURG,MA,14201369,9788788100
7ec62456-f88f-3a1e-9055-646d7bcd9fa7,cac6f8b3-eafd-31b3-9fa3-8015752ccc2c,Jessie665 Pagac496,M,GENERAL PRACTICE,123 SUMMER ST,WORCESTER,MA,16081216,5083636211
616bf7ad-a3d9-3506-840e-8510d10ec943,6e517750-a29e-3170-a02b-5733ff523458,Margarita164 Abbott774,F,GENERAL PRACTICE,101 BARRY RD,WORCESTER,MA,16091275,5087677931
d2712ff7-2c94-30d7-9fbc-a59d21e320e4,1b3fe590-8793-3f08-865d-01fc425a84d4,Mathilde204 Wintheiser220,F,GENERAL PRACTICE,1340 BOYLSTON ST,BOSTON,MA,22154302,6179274880
bf882610-fba0-314f-b504-510f1ec422f7,0be0e035-8dad-387e-bbdd-a5a469c4311f,Tyler508 Howe413,M,GENERAL PRACTICE,480 MAPLE ST,DANVERS,MA,19234065,9783048403
4987d56b-d0d6-3fa9-be32-0852a61b0ac6,3f12ebb4-e03c-3453-88d2-4fc9682383df,Erwin847 Stiedemann542,M,GENERAL PRACTICE,726 COUNTY ST,NORTH DARTMOUTH,MA,27473603,5089845671
8b0f8e6a-4903-3db9-a86b-547cfd87c0f9,a9fc7aa5-d3b3-314d-9cf7-af29051d3dd9,Lorenzo669 Velásquez56,M,GENERAL PRACTICE,1193 SEA STREET,TAUNTON,MA,27803960,6174718683
26fc7d2e-9624-39d8-aaf4-304a9b10d5c3,8ec2ca51-abb4-35dd-b90f-6c6aad6d2124,Oda116 Conn188,F,GENERAL PRACTICE,22 JOHNSON STREET,PEABODY,MA,19602311,9785358700
0d154000-1de0-318b-8cd8-1d0f790ffd99,8af3b144-0e1a-3c90-937d-81a4ed026080,Latasha666 Fay398,F,GENERAL PRACTICE,800 WASHINGTON STREET,NORWOOD,MA,20623489,7817694000
4039878a-f36a-341f-804a-9cd63476afa2,9fdce5d5-d4d0-3156-a8d5-8757bfe4e9b3,Pamelia915 Kilback373,F,GENERAL PRACTICE,1 FARMER CIR,ARLINGTON,MA,24742866,6178660789
67029a10-8b52-34d9-b11a-28ce1e6a0b8a,b014aec7-7bd8-351f-8808-3e280cbc5be6,Rosaria177 Volkman526,F,GENERAL PRACTICE,70 EAST ST,HAVERHILL,MA,18306700,9786870151
201a5b31-006e-3ac4-8286-030804a66515,b3b56527-d366-3353-bca9-266a12f23051,Roberto515 Granado100,M,GENERAL PRACTICE,60 QUAKER HIGHWAY,UXBRIDGE,MA,15691628,5082789500
f7eb9f89-9118-3d21-b442-afb54f455614,125eccb3-d003-34ea-9bd8-360dff059782,Mickey576 Gerlach374,M,GENERAL PRACTICE,125 PARKER HILL AVENUE,DEDHAM,MA,20266146,6177545800
1a8799d3-27bd-39d9-91e8-228746852f8c,b93ffa11-ffab-3fe0-8c28-657817801192,Flor713 Berge125,F,GENERAL PRACTICE,9 MAPLE ST,WILBRAHAM,MA,10951730,4135962411
6430ebc2-e0d6-3c03-85ef-cd9775f31619,e92dad8b-f485-315a-8fc4-1d7adfdc9c00,Ramiro608 Anderson154,M,GENERAL PRACTICE,581 FAUNCE CORNER RD,DARTMOUTH,MA,27471242,5082079800
87cb4070-0823-3be8-9497-00f8e601a0e2,dd23b7d3-7275-3140-a984-1bfb9b8c4da1,Marline710 Kreiger457,F,GENERAL PRACTICE,2 KIRKAT WAY,NEW BEDFORD,MA,27441052,5088589197
9a84f6ea-32a7-331b-ac71-056d698a81ef,aad05540-c9cb-3805-b3c4-f9b9d9b42b2e,Arla414 Fritsch593,F,GENERAL PRACTICE,821 E MAIN ST STE 3,CHICOPEE,MA,10206306,4136956774
dc4060bd-6ea8-3de6-b16c-b3316f50d03b,1aa9084e-2b86-3d6e-93ab-dbe6d4dda601,Jani266 Schultz619,F,GENERAL PRACTICE,100 OLD BILLERICA RD,BEDFORD,MA,17301267,7812758700
4e516d1b-171f-33f6-940a-bbda4b97c233,2987ddf5-7ff2-3e4a-9e25-d654a10313fd,Gabriel934 Terán294,M,GENERAL PRACTICE,519 MAIN STREET,MEDFIELD,MA,20522522,5083596050
c1e4c408-6f98-3bda-a0ab-ab346ae9a8fa,eea92149-820f-301f-911e-b170e8312842,Marcy588 Hamill307,F,GENERAL PRACTICE,123 SUMMER STREET,WORCESTER,MA,16102177,5083635000
faa98a9e-695e-3e58-a5d9-a3af73c573b2,19a3afba-b409-3650-a0ab-f3faf6e391ef,Patrina117 Strosin214,F,GENERAL PRACTICE,199 REEDSDALE RD,WALTHAM,MA,24511433,6176964600
9716bc1c-0ff6-35bf-8670-d85224604b8f,5de0661c-5943-365b-93c7-8ab84e1df09c,Randa356 Carter549,F,GENERAL PRACTICE,28 LINWOOD RD,LYNN,MA,19051638,7815928000
b2985dab-3858-334f-b25f-9c28ff7624c3,83a08dcf-7ed6-3d2e-afc0-a72c05d2563c,Thaddeus38 Stiedemann542,M,GENERAL PRACTICE,755 MAIN ST,HAVERHILL,MA,18302166,9786860090
f59e3586-a2dc-3344-8a4f-3057f142b15f,c9aabcbd-d4e0-391f-8980-d0be6934ea82,Lindsay928 Leffler128,M,GENERAL PRACTICE,340 PLEASANT ST,BROCKTON,MA,23013236,8579918438
7e600c34-6a08-3b7e-8caa-3a5af451ee73,2f5c26cd-be8d-351a-97af-23fbcaba0967,Mariano761 Zepeda235,M,GENERAL PRACTICE,36 CORDAGE PARK CIR,PLYMOUTH,MA,23607320,5087460215
bd9ed0ef-3ff1-39d7-9750-6d2aba8b8e3a,2fb77691-5353-358a-bc94-90af77dd654b,Sasha806 D'Amore443,F,GENERAL PRACTICE,200 GROTON RD,AYER,MA,14321168,9787849000
a81795e5-c0b9-326a-9605-a27b7e6adca1,cbebae9e-f95e-3d2c-9712-289ea8d6aeec,Xochitl483 Haley279,F,GENERAL PRACTICE,49 ROBINWOOD AVENUE,QUINCY,MA,21698130,6175224400
28e45fba-d963-39ec-a6e6-3674caea26ff,5862e05c-9533-3f7a-8f73-215d50f5ee2f,Emilio417 Barton704,M,GENERAL PRACTICE,1200 CENTRE ST,ROSLINDALE,MA,21311000,6173258000
ae7909e5-a8b0-308c-8dfe-becb5991f65a,ec7e487e-7e78-3eac-a9ee-37f8de98a0f9,Sid118 Hammes673,M,GENERAL PRACTICE,277 WASHINGTON STREET,ABINGTON,MA,23512489,7818710200
5965c8fb-e626-3482-bd73-63616c11516d,a5577e5c-b886-37a0-8eee-8ff6feb7ea6b,Leopoldo762 Keebler762,M,GENERAL PRACTICE,330 MOUNT AUBURN ST,CAMBRIDGE,MA,21385502,6174923500
159a10ca-a881-3f86-bab6-ee3e69157fbc,20df65a4-7567-3066-b680-0f71b0c31d38,Kristina583 Bashirian201,F,GENERAL PRACTICE,242 GREEN ST,GARDNER,MA,14401336,9786323420
9d199013-dcf4-3c41-a9b3-f586beca0923,5581e43d-0463-3a0b-afc7-a60aea5ac96c,Benita195 VonRueden376,F,GENERAL PRACTICE,57 RIVER RD,ANDOVER,MA,18101144,9786868521
b40ee011-5035-3590-b104-59172d915f5d,ce9c1582-994d-32bf-835c-474a249d2804,Clifton91 Veum823,M,GENERAL PRACTICE,275 MARTINE STREET  SUITE 104,FALL RIVER,MA,27231500,5086720675
dcc04ceb-bcf0-3691-b826-397911c80873,9485907a-9f9c-3c19-a424-b402ee8f99c2,Lavern240 Bogisich202,M,GENERAL PRACTICE,101 PLANTATION STREET,WORCESTER,MA,16043025,5087558605
11654327-7e23-3023-bd89-6d6fc7b85a25,966245ce-e84d-36b0-a838-2e0b5bb2e668,Refugio197 Crooks415,M,GENERAL PRACTICE,1425 BLUE HILL AVENUE,MATTAPAN,MA,21262122,6172960061
02a7bdf3-24a3-374b-8e29-fe379ea8102b,4eddfa13-f996-3048-9bbc-541b0a29038a,Annelle169 Schmidt332,F,GENERAL PRACTICE,736 CAMBRIDGE ST,BRIGHTON,MA,21353601,6177893000
62239050-6ddd-3574-ba7a-c06faeb0168f,845fbd9b-2d1c-39a8-8261-28ae40e4fab2,Bennett146 Rippin620,M,GENERAL PRACTICE,14 PROSPECT STREET,UPTON,MA,15681431,5084731190
884c0e3a-9acb-30ce-a4d8-3eaa50395fec,946ec45f-5c4a-361f-b158-927144864133,Jorge203 Harvey63,M,GENERAL PRACTICE,19 MIDSTATE DRIVE  SUITE 130,AUBURN,MA,15011856,5088452379
bc2014db-3e04-35fc-a067-1a7d60db1857,84d5768f-3a21-3da9-aad2-bbf7a3ae2700,Elba502 Schneider199,F,GENERAL PRACTICE,817 MERRIMACK ST,LOWELL,MA,18543548,9784530550
002cb892-8a9c-3694-a91b-18faa3f78f97,9ce6072b-d039-3cde-8eaf-950211b8ae88,Vicente970 Portillo767,M,GENERAL PRACTICE,147 S MAIN ST,MIDDLETON,MA,19492446,9787742555
c9d688a3-59db-3ffd-8019-1b17d7f57f4e,ecd3b321-0a8a-3ce6-81f0-982dd77fce43,Hunter736 Lesch175,M,GENERAL PRACTICE,25 HIGHLAND AVE,NEWBURYPORT,MA,19503867,9784631000
1c083ff9-4ece-3982-b3a0-5f487a52f142,42c13743-f36f-370a-a5ca-3e3c9795e02d,Tiffani287 Toy286,F,GENERAL PRACTICE,17 CHIPMAN WAY,KINGSTON,MA,23641039,7815854100
0af69ffa-436c-3368-bd67-dcf941c34c5f,058176fd-cbb0-328b-8411-c19f5045032d,Dion244 Sanford861,M,GENERAL PRACTICE,840 EMERSON GARDENS ROAD,LEXINGTON,MA,2420,7818618630
4fd65610-14ce-37ee-a8e3-f0786d0c51a4,2fbb592e-2154-3a4d-856e-467d7ba5bed7,Bernardo699 Pagac496,M,GENERAL PRACTICE,780 MAIN ST,GREAT BARRINGTON,MA,12302148,4135288643
2dcf653c-ac32-3b77-b9f5-3b724ac2371e,9a20d707-68e4-32c0-b2b2-2f5d5c2012cd,Lorinda137 Pouros728,F,GENERAL PRACTICE,131 CAMBRIDGE ST STE 1,BURLINGTON,MA,18033711,7812652572
1c2ac072-5b74-3c08-8ec1-9e32de42eb8d,f90ef475-defe-363d-a926-573b38f804a2,Kristopher775 Schiller186,M,GENERAL PRACTICE,54 HOPEDALE ST,HOPKINTON,MA,17481672,5084738373
0da599e0-ad46-30ea-9739-e9d9085b51c8,071a898d-3535-39fd-bf61-d33301aacd04,Felicidad691 Luettgen772,F,GENERAL PRACTICE,104 CHARLES ELDRIDGE RD,LAKEVILLE,MA,23471370,5089471683
44c35fcf-2321-3d0a-84e3-ab27fb1962b8,41f66e18-8eb7-32f2-9371-7df5bf2b8d21,Lonnie913 Mraz590,M,GENERAL PRACTICE,170 UNIVERSITY DRIVE,GREENFIELD,MA,13011238,4133874556
e9992a39-160a-3bbd-bca7-253b2ba27b2c,a25107f7-f4f5-36fc-98e4-f3e1b5875c91,Tracy345 Wilderman619,M,GENERAL PRACTICE,1285 BEACON ST,WOBURN,MA,18012157,6177516205
aa63ff2d-fe68-3e1d-92bf-04626f03644b,0e6c3ad1-24c1-34cb-bb6d-e8438fa319e2,Vern731 Casper496,M,GENERAL PRACTICE,50 DODGE ST,SWAMPSCOTT,MA,19071300,9789222171
75e4a081-e725-3e45-afbf-590ce283f00b,4f9dd195-07b8-3a81-8b7a-58852a0e6cdf,Aaron697 Goyette777,M,GENERAL PRACTICE,47 E MAIN ST,WEST BROOKFIELD,MA,15852906,5088677716
b8e5b826-083d-33db-98bf-11c9cf959e9d,3695125c-c052-3ece-898a-2a6448987ae5,Rosanna866 DuBuque211,F,GENERAL PRACTICE,2040 BOSTON RD STE 5,WILBRAHAM,MA,10951380,4135993800
055f35c9-1ea0-3aa6-b101-c9412efb96b4,05fcf001-ab24-3d7d-85f7-f64942d82738,Leonarda398 Schumm995,F,GENERAL PRACTICE,250 POND STREET,FRAMINGHAM,MA,17014592,7818485353
c56e8013-21ba-3cae-a4c5-a36aa4250bf9,7e6db51f-7c1b-3555-9e1c-6269ba6d704d,Jacque955 Streich926,F,GENERAL PRACTICE,120 STAFFORD STREET SUITE 206,WORCESTER,MA,16031461,5084596937
8fef8fce-42cb-3cd3-9eb5-7352c80e181f,e7b77e8f-b607-3273-aef9-ad1bca48813f,Rolland302 Turcotte120,M,GENERAL PRACTICE,209 W CENTRAL ST STE 216,NATICK,MA,17603716,7745970925
4963b60c-62b7-3609-bfe6-2b6a986c0a84,7e3760fd-328f-3082-8c56-68d6b96f6521,Clarita196 Jones311,F,GENERAL PRACTICE,305 WALPOLE ST,NORWOOD,MA,20623021,7817627700
a1b020a7-4926-39c3-94b0-07a7f6791d20,f5c6acf1-d209-3ba2-9fec-f70dda7001f0,Chantal971 Lehner980,F,GENERAL PRACTICE,320 MAPLE AVE,GREAT BARRINGTON,MA,12301951,4135282650
6b8a3c4d-87c9-3edf-8eab-5849dfaff2ca,e5d50afe-8c7d-35f5-96f5-fb8941403b0f,Justin359 Hayes766,M,GENERAL PRACTICE,125 S CLARK ST STE 900,FALL RIVER,MA,2722,3124657900
b916edf7-184b-34aa-8723-3f214ce8ae44,9adfae03-673d-365d-9052-f705098fa3e4,Sharilyn202 Wolff180,F,GENERAL PRACTICE,51 BLOSSOM ST,BOSTON,MA,21142699,1617722300
16d97c98-01aa-3699-86be-32626d196464,25431f9a-00e4-36d8-9810-4125328eec50,Kati243 Ruecker817,F,GENERAL PRACTICE,55 FRUIT ST,WALTHAM,MA,2451,6177262000
c0feef97-660e-3419-a3ca-2b47f17aa169,89171335-b9c0-3326-98d6-a837d432b9fd,Lorette239 Hauck852,F,GENERAL PRACTICE,150 FLANDERS ROAD,LYNN,MA,19042915,5088712063
c923c8b5-3743-32cb-bea1-6d849f9b74ec,7cd7fc5c-3fa7-3b6e-b3c9-0dbaec2a3470,Clay913 Roberts511,M,GENERAL PRACTICE,505 FRONT STREET,CHICOPEE,MA,10133140,4134202222
830fc29e-0f21-3415-a4d6-62d704c4c793,01bde980-bf89-3138-8912-7360dff33247,Caroline183 Lang846,F,GENERAL PRACTICE,456 PARK AVE,WORCESTER,MA,16101254,5086851517
75367959-d3bb-37fc-81df-be802418365f,217cb6f6-e822-3831-9d9d-ffa104971042,Cira533 Jakubowski832,F,GENERAL PRACTICE,2 REHABILITATION WAY,WOBURN,MA,18016003,7819355050
4a978a86-f362-347b-839e-fe3c229e715b,71f4c23f-7559-31ff-8f42-a672e80b85a2,Sallie654 Jast432,F,GENERAL PRACTICE,300 FIRST AVENUE,WESTBOROUGH,MA,15812831,6177206400
9b1855b6-3a82-3c59-8f33-2feb0e8299af,e0cc7e8e-e1a4-3a02-b589-0a35741d39fe,Octavio643 Towne435,M,GENERAL PRACTICE,990 PARADISE RD,SWAMPSCOTT,MA,19071831,6179353609
8c25611c-8f99-3d02-86d7-5cc32d7311c5,121b0ad1-1beb-3caa-9271-3d3f726bb727,Cortez851 Price929,M,GENERAL PRACTICE,1030 MAIN STREET,WALTHAM,MA,24517447,7818946900
7b7ec3a4-a124-399f-ae2f-f58d39d58bcd,43f37d29-0bcb-3d84-b9c0-9ee4f2485ff2,Maria750 Romaguera67,F,GENERAL PRACTICE,168 WALTON RD UNIT 19,ROWLEY,MA,19692014,6172939978
2a277c90-04ac-3ce6-ac6e-993bfc481c7e,883f57b8-89c6-3dc4-b6da-047705c88623,Parker433 Bailey598,M,GENERAL PRACTICE,363 HIGHLAND AVE,FALL RIVER,MA,27203703,5086793131
8faa2ee1-17af-3f1b-bbb9-f48f510178e4,f6ba791e-fe68-3596-bef4-60751db6a60e,Cleo27 Crooks415,M,GENERAL PRACTICE,37 BIRCH STREET,MILFORD,MA,17575501,5084730862
d0c1c825-f080-3eee-b6d7-1fd4e86d44fb,2fc3d86d-4194-3ad1-bb8a-99d5d34119a1,Trent525 Krajcik437,M,GENERAL PRACTICE,300 CONGRESS ST STE 203,QUINCY,MA,21690907,6174811771
089bc152-7850-386c-b230-9d8689627790,e1892a2c-6dca-3c4c-93b7-0e00a9eb8b61,Maragaret140 Erdman779,F,GENERAL PRACTICE,20 EAST ST,HANOVER,MA,23391638,7818263146
6a626921-66c0-3422-b825-5cb9c42e47d2,11a40a26-a5a3-331d-aef0-d06dd90e2b4e,Len277 Wintheiser220,M,GENERAL PRACTICE,10 OSTERVILLE WEST BARNSTABLE RD,YARMOUTH PORT,MA,26752000,5084282620
f3a6af8f-ee57-3355-af13-69c74ef33585,b954c464-11ea-312b-a3f8-1350775bfa54,Elisa944 Alemán808,F,GENERAL PRACTICE,123 CAPTAIN'S ROW,CHELSEA,MA,21504019,6178890779
7b744fa2-b18d-3caa-b8c1-365f7106d520,0dfa7ab2-4acc-360c-ab55-beb8e38a8c1d,Arnoldo445 Osinski784,M,GENERAL PRACTICE,36 CORTADGE PARK,PLYMOUTH,MA,23607320,5082807214
e2100405-1718-320f-9188-c33b82d92e6a,95f6c328-96dd-3fb8-a56e-9aad566094b4,Milda157 Schoen8,F,GENERAL PRACTICE,4 STONY HILL ROAD,WILBRAHAM,MA,10951027,4135832005
365aa289-72f1-3952-aa0e-db622729ca5d,19f958ef-57cf-33c1-b068-14b32a980813,Aura483 Bruen238,F,GENERAL PRACTICE,155 BROADWAY RD,DRACUT,MA,18262754,9784580475
6868b4cc-eade-3930-ae5c-2e50610bd9eb,53f086de-2fc7-3d35-92c2-aca4ed944e7f,Carisa395 Kutch271,F,GENERAL PRACTICE,1 GENERAL ST,LAWRENCE,MA,18412961,9786834000
daecc1e8-d55b-373a-b8e0-d71d72872634,20f63278-6709-3195-b767-782d2a10bd5c,Jamie386 Krajcik437,M,GENERAL PRACTICE,640 CONCORD AVENUE,CAMBRIDGE,MA,21381116,6174970600
40e5944c-b4ff-36f1-a7d1-59ccb4bd8506,e498871e-3c3d-3ea1-a79d-4bc09679de84,Gricelda41 Collins926,F,GENERAL PRACTICE,221 FITZGERALD DRIVE,NEW BEDFORD,MA,27453426,5089964600
5887d707-ad03-3919-b30e-be8b5234f589,c709c5eb-ddd7-3778-84f7-0931a4d1c718,Carmelina668 Goyette777,F,GENERAL PRACTICE,1200 CENTRE ST,ROSLINDALE,MA,21311000,6179715766
5f76eaa2-fb4e-3d6f-9fdb-9c3ede84b11b,c05d73d0-b348-32ce-9fe5-13a720950f37,Abraham100 McDermott739,M,GENERAL PRACTICE,45 DRUM HILL RD,CHELMSFORD,MA,18241503,9784467515
ca53c5ba-cc9a-3e44-87a3-46e7159410ed,ac0fde88-b0ad-3388-a4a8-b8fc2a4f4af2,Lloyd546 Wuckert783,M,GENERAL PRACTICE,150 YORK STREET,STOUGHTON,MA,20729105,7813644850
b404b3ba-005f-3687-95da-641746cf0a8b,d70d47dc-b40c-3a04-8342-35cbfe716409,Lakenya863 Hilpert278,F,GENERAL PRACTICE,83 LITTLEFIELD RD,NEWTON,MA,24593010,7816421859
52f61dbd-2321-3b18-8e3b-45c5bd44a1b2,de3cc142-803a-3ed4-8945-75ec88a84784,Kory651 Trantow673,M,GENERAL PRACTICE,51 HOSPITAL ROAD,BALDWINVILLE,MA,14361215,9789392196
322da4b1-891f-318f-a82d-274bdc9995f1,0592d4e5-a0fb-3143-83cd-8e5a6b066a96,Mica978 Lemke654,F,GENERAL PRACTICE,20 EAST ST,HANOVER,MA,23391638,7815610460
dad676ef-aeef-3990-9b15-721eeb03f9c3,6aae7a31-90df-3455-ad8d-81f8cf2d21e8,Damaris45 Funk324,F,GENERAL PRACTICE,680 CENTRE ST,BROCKTON,MA,23023308,5089417000